rafaelw,2015-03-10/2015-03-13,2015-03-13/2015-03-15,2015-03-16/2015-03-20
abarth,2015-03-13/2015-03-16,2015-03-20/2015-03-23,2015-03-27/2015-05-19,2015-05-21/2015-05-28,2015-05-29/2015-06-02,2015-06-05/2015-06-08,2015-06-13/2015-06-16,2015-06-18/2015-07-10,2015-07-10/2015-07-17,2015-07-17/2015-07-21,2015-07-24/2015-07-27,2015-08-01/2015-08-03,2015-08-08/2015-08-10,2015-08-14/2015-08-17,2015-08-22/2015-08-24,2015-09-06/2015-09-08,2015-09-11/2015-09-13,2015-09-27/2015-09-30,2015-10-16/2015-10-19,2015-10-23/2015-10-26,2015-11-14/2015-11-16,2015-11-21/2015-11-23,2015-11-27/2015-11-29,2015-12-05/2015-12-07,2015-12-11/2015-12-15,2015-12-15/2016-01-02,2016-01-02/2016-01-04,2016-01-14/2016-01-18,2016-01-27/2016-01-29,2016-02-06/2016-02-08,2016-02-17/2016-02-19,2016-02-22/2016-02-24,2016-02-27/2016-02-29,2016-03-18/2016-03-21,2016-03-21/2016-03-23,2016-04-02/2016-04-04,2016-04-08/2016-04-12,2016-04-12/2016-04-20,2016-04-29/2016-05-01,2016-05-07/2016-05-09,2016-05-09/2016-05-12,2016-05-12/2016-05-16,2016-05-19/2016-05-23,2016-05-27/2016-05-29,2016-06-04/2016-06-06,2016-06-10/2016-06-12,2016-06-16/2016-06-18,2016-06-18/2016-06-20,2016-06-28/2016-06-30,2016-07-02/2016-07-04,2016-07-04/2016-07-06,2016-07-08/2016-07-11,2016-07-11/2016-07-15,2016-07-15/2016-07-18,2016-07-18/2016-07-22,2016-07-22/2016-07-25,2016-07-27/2016-07-29,2016-07-29/2016-08-01,2016-08-02/2016-08-04,2016-08-05/2016-08-08,2016-08-09/2016-08-11,2016-08-13/2016-08-18,2016-08-18/2016-08-29,2016-08-29/2016-09-12,2016-09-13/2016-09-15,2016-09-16/2016-09-19,2016-09-24/2016-09-26,2016-09-30/2016-10-03,2016-10-08/2016-10-10,2016-10-21/2016-10-25,2016-10-29/2016-10-31,2016-11-02/2016-11-15,2016-11-16/2016-11-18,2016-11-18/2016-11-21,2016-11-23/2016-11-27,2016-11-28/2016-11-30,2016-11-30/2017-01-04,2017-01-06/2017-01-10,2017-01-14/2017-01-17,2017-01-20/2017-01-23,2017-01-27/2017-01-30,2017-02-19/2017-02-21,2017-02-22/2017-02-24,2017-02-24/2017-02-26,2017-02-26/2017-02-28,2017-03-03/2017-03-06,2017-03-06/2017-03-13,2017-03-21/2017-03-26,2017-03-26/2017-03-28,2017-03-31/2017-04-02,2017-04-02/2017-04-04,2017-04-06/2017-04-08,2017-04-08/2017-04-14,2017-04-14/2017-04-19,2017-04-19/2017-04-21,2017-04-21/2017-04-24,2017-04-28/2017-04-30,2017-05-03/2017-05-09,2017-05-09/2017-05-12,2017-05-16/2017-05-20,2017-05-20/2017-08-29,2017-09-03/2017-09-05,2017-09-06/2017-09-08,2017-09-08/2017-09-11,2017-09-11/2017-09-23,2017-09-24/2017-09-26,2017-09-26/2017-10-02,2017-10-03/2017-10-05,2017-10-05/2017-10-17,2017-10-18/2017-10-30,2017-10-30/2017-11-02,2017-11-02/2017-11-09,2017-11-09/2018-04-04,2018-04-04/2018-06-22
eseidelGoogle,2015-03-11/2015-03-17,2015-03-18/2015-03-20,2015-03-20/2015-04-07,2015-04-07/2015-04-09,2015-04-10/2015-04-14,2015-04-15/2015-04-27,2015-04-28/2015-05-04,2015-05-04/2015-05-13,2015-05-13/2015-05-18,2015-05-18/2015-05-27,2015-05-28/2015-06-02,2015-06-04/2015-06-09,2015-06-09/2015-06-11,2015-06-12/2015-06-22,2015-06-23/2015-07-16,2015-07-16/2015-07-21,2015-07-22/2015-07-24,2015-07-24/2015-07-29,2015-07-30/2015-08-04,2015-08-06/2015-08-10,2015-08-11/2015-08-17,2015-08-18/2015-08-25,2015-08-27/2015-11-11,2015-11-11/2015-11-16,2015-11-16/2015-11-19,2015-11-19/2015-12-02,2015-12-04/2015-12-07,2015-12-09/2015-12-14,2015-12-18/2016-01-06,2016-01-07/2016-01-12,2016-01-13/2016-01-16,2016-01-16/2016-01-20,2016-01-22/2016-02-04,2016-02-04/2016-02-09,2016-02-09/2016-02-11,2016-02-11/2016-02-13,2016-02-13/2016-02-16,2016-02-17/2016-02-24,2016-02-25/2016-03-02,2016-03-02/2016-03-10,2016-03-10/2016-04-12,2016-04-15/2016-04-21,2016-04-21/2016-05-02,2016-05-03/2016-05-12,2016-05-12/2016-05-19,2016-05-19/2016-06-02,2016-06-02/2016-06-15,2016-06-15/2016-07-06,2016-07-06/2016-07-20,2016-07-20/2016-08-05,2016-08-05/2016-08-18,2016-08-18/2016-10-27
viettrungluu-cr,2015-03-11/2015-03-17,2015-03-17/2015-03-19,2015-03-19/2015-03-24
Hixie,2015-04-01/2015-04-20,2015-04-21/2015-05-12,2015-05-12/2015-05-14,2015-05-15/2015-05-19,2015-05-19/2015-05-26,2015-05-28/2015-06-02,2015-06-04/2015-06-08,2015-06-13/2015-06-15,2015-06-19/2015-06-22,2015-06-26/2015-07-16,2015-07-16/2015-07-20,2015-07-25/2015-08-17,2015-08-22/2015-08-24,2015-08-28/2015-08-30,2015-09-01/2015-09-04,2015-09-04/2015-09-08,2015-09-12/2015-09-14,2015-09-18/2015-09-21,2015-09-25/2015-09-28,2015-10-02/2015-10-05,2015-10-09/2015-10-13,2015-10-23/2015-10-26,2015-10-30/2015-11-02,2015-11-07/2015-11-09,2015-11-13/2015-11-16,2015-11-22/2015-11-24,2015-11-26/2015-11-28,2015-11-28/2015-11-30,2015-12-12/2015-12-14,2015-12-17/2015-12-20,2015-12-21/2015-12-24,2015-12-26/2015-12-28,2015-12-31/2016-01-04,2016-01-04/2016-01-07,2016-01-12/2016-01-14,2016-01-16/2016-01-18,2016-01-19/2016-01-24,2016-01-24/2016-01-27,2016-01-30/2016-02-01,2016-02-05/2016-02-08,2016-02-15/2016-02-22,2016-02-27/2016-02-29,2016-03-12/2016-03-14,2016-03-14/2016-03-16,2016-03-29/2016-04-01,2016-04-06/2016-04-11,2016-04-15/2016-04-18,2016-04-22/2016-04-25,2016-04-25/2016-04-27,2016-04-29/2016-05-03,2016-05-04/2016-05-06,2016-05-06/2016-05-16,2016-05-18/2016-05-20,2016-05-21/2016-05-23,2016-05-23/2016-05-26,2016-05-26/2016-05-31,2016-06-01/2016-06-03,2016-06-04/2016-06-07,2016-06-09/2016-06-13,2016-06-17/2016-06-20,2016-06-23/2016-07-21,2016-07-21/2016-07-26,2016-07-29/2016-08-02,2016-08-03/2016-08-05,2016-08-05/2016-08-09,2016-08-11/2016-08-15,2016-08-16/2016-08-23,2016-08-23/2016-08-26,2016-08-27/2016-08-29,2016-08-29/2016-09-01,2016-09-01/2016-09-07,2016-09-09/2016-09-12,2016-09-12/2016-09-14,2016-09-17/2016-09-19,2016-09-20/2016-09-22,2016-09-22/2016-09-24,2016-09-24/2016-09-26,2016-09-26/2016-09-28,2016-09-28/2016-09-30,2016-09-30/2016-10-04,2016-10-04/2016-10-06,2016-10-06/2016-10-13,2016-10-14/2016-10-19,2016-10-21/2016-10-24,2016-10-24/2016-10-27,2016-10-29/2016-10-31,2016-11-03/2016-11-07,2016-11-10/2016-11-12,2016-11-12/2016-11-14,2016-11-17/2016-11-19,2016-11-19/2016-11-23,2016-11-23/2016-11-27,2016-11-28/2016-12-09,2016-12-09/2016-12-11,2016-12-11/2016-12-15,2016-12-16/2017-01-05,2017-01-06/2017-01-09,2017-01-10/2017-01-17,2017-01-17/2017-01-19,2017-02-04/2017-02-06,2017-02-10/2017-02-14,2017-02-18/2017-03-02,2017-03-02/2017-03-08,2017-03-09/2017-03-13,2017-03-13/2017-03-16,2017-03-16/2017-03-20,2017-03-20/2017-03-22,2017-03-22/2017-03-28,2017-03-30/2017-04-02,2017-04-02/2017-04-05,2017-04-08/2017-04-12,2017-04-13/2017-04-15,2017-04-15/2017-04-18,2017-04-21/2017-04-24,2017-04-28/2017-05-02,2017-05-06/2017-05-08,2017-05-12/2017-05-15,2017-05-17/2017-05-19,2017-05-20/2017-05-22,2017-05-22/2017-05-24,2017-05-24/2017-05-27,2017-05-27/2017-05-31,2017-06-02/2017-06-05,2017-06-06/2017-06-08,2017-06-09/2017-06-12,2017-06-13/2017-06-16,2017-06-16/2017-06-19,2017-06-20/2017-06-23,2017-06-24/2017-06-26,2017-06-28/2017-06-30,2017-07-02/2017-07-05,2017-07-05/2017-07-13,2017-07-13/2017-07-19,2017-07-21/2017-07-24,2017-07-24/2017-07-27,2017-07-28/2017-07-31,2017-08-01/2017-08-04,2017-08-04/2017-08-07,2017-08-07/2017-08-16,2017-08-16/2017-08-23,2017-08-23/2017-08-28,2017-08-29/2017-09-01,2017-09-01/2017-09-07,2017-09-08/2017-09-11,2017-09-16/2017-09-18,2017-09-18/2017-09-20,2017-09-24/2017-09-26,2017-09-30/2017-10-02,2017-10-03/2017-10-05,2017-10-05/2017-10-07,2017-10-07/2017-10-17,2017-10-18/2017-10-20,2017-10-20/2017-10-23,2017-10-23/2017-10-26,2017-10-26/2017-10-31,2017-11-04/2017-11-08,2017-11-08/2017-11-13,2017-11-13/2017-11-16,2017-11-17/2017-11-22,2017-11-23/2017-11-28,2017-11-30/2017-12-04,2017-12-04/2017-12-06,2017-12-09/2017-12-11,2017-12-12/2017-12-14,2017-12-16/2017-12-19,2017-12-21/2018-01-09,2018-01-12/2018-01-15,2018-01-20/2018-01-25,2018-01-27/2018-01-30,2018-02-03/2018-02-05,2018-02-05/2018-02-07,2018-02-07/2018-02-13,2018-02-13/2018-02-15,2018-02-15/2018-03-01,2018-03-01/2018-03-03,2018-03-03/2018-03-10,2018-03-11/2018-03-19,2018-03-19/2018-03-22,2018-03-22/2018-03-27,2018-03-27/2018-04-09,2018-04-10/2018-04-13,2018-04-13/2018-04-25,2018-04-26/2018-05-03,2018-05-03/2018-05-10,2018-05-10/2018-05-15,2018-05-15/2018-05-31,2018-06-01/2018-06-04,2018-06-05/2018-06-11,2018-06-11/2018-06-14,2018-06-15/2018-06-20,2018-06-20/2018-06-26,2018-06-27/2018-06-29,2018-06-29/2018-07-10,2018-07-11/2018-07-16,2018-07-16/2018-07-18,2018-07-18/2018-07-20,2018-07-20/2018-07-23,2018-07-24/2018-07-26,2018-07-26/2018-07-30,2018-07-31/2018-08-02,2018-08-03/2018-08-06,2018-08-07/2018-08-09,2018-08-10/2018-08-12,2018-08-12/2018-08-15,2018-08-15/2018-08-17,2018-08-18/2018-08-20,2018-08-21/2018-08-28,2018-08-28/2018-09-05,2018-09-05/2018-09-17,2018-09-17/2018-09-22,2018-09-23/2018-10-08,2018-10-08/2018-10-25,2018-10-28/2018-10-30,2018-10-30/2018-11-06,2018-11-06/2018-11-08,2018-11-09/2018-11-26,2018-11-27/2018-11-30,2018-11-30/2018-12-21,2018-12-21/2018-12-23,2018-12-24/2019-01-08,2019-01-08/2019-01-14,2019-01-15/2019-01-17,2019-01-17/2019-01-19,2019-01-19/2019-01-31,2019-01-31/2019-02-03,2019-02-05/2019-02-12,2019-02-13/2019-03-09,2019-03-09/2019-03-29,2019-03-29/2019-04-29,2019-04-29/2019-05-06,2019-05-07/2019-05-22,2019-05-22/2019-06-03,2019-06-03/2019-06-13
ojanvafai,2015-04-06/2015-04-09
colinblundell
mpcomplete,2015-05-13/2015-05-19,2015-05-19/2015-05-27,2015-05-28/2015-06-01,2015-06-04/2015-06-08,2015-06-11/2015-06-18,2015-06-18/2015-07-16,2015-07-17/2015-07-21,2015-07-23/2015-07-28,2015-07-28/2015-07-30,2015-07-31/2015-08-03,2015-08-04/2015-08-06,2015-08-06/2015-08-10,2015-08-11/2015-08-13,2015-08-14/2015-09-02,2015-09-02/2015-09-10,2015-09-10/2015-09-23,2015-09-23/2015-09-30,2015-09-30/2015-10-19,2015-10-19/2015-10-21,2015-10-21/2015-10-26,2015-10-26/2015-10-28,2015-10-29/2015-11-03,2015-11-05/2016-01-11,2016-01-11/2016-01-22,2016-01-22/2016-01-25,2016-01-25/2016-02-03,2016-02-03/2016-02-09,2016-02-10/2016-02-12,2016-02-12/2016-02-25,2016-02-25/2016-02-29,2016-02-29/2016-03-08,2016-03-08/2016-03-10,2016-03-10/2016-03-17,2016-03-18/2016-03-25,2016-03-25/2016-03-28,2016-03-28/2016-04-05,2016-04-05/2016-04-20,2016-04-21/2016-04-29,2016-04-29/2016-05-04,2016-05-04/2016-05-10,2016-05-10/2016-05-12,2016-05-13/2016-05-16,2016-05-17/2016-06-03,2016-06-03/2016-06-06,2016-06-10/2016-06-16,2016-06-16/2016-06-30,2016-06-30/2016-07-19,2016-07-19/2016-07-25,2016-07-25/2016-07-29,2016-07-29/2016-08-04,2016-08-05/2016-08-08,2016-08-08/2016-08-25,2016-08-25/2016-08-30,2016-09-01/2016-09-07,2016-09-08/2016-09-12,2016-09-12/2016-09-16,2016-09-16/2016-09-20,2016-09-21/2016-09-26,2016-09-27/2016-10-05,2016-10-05/2016-10-14,2016-10-14/2016-10-19,2016-10-20/2016-10-24,2016-10-24/2016-10-27,2016-10-27/2016-11-02,2016-11-03/2016-11-08,2016-11-08/2016-12-05,2016-12-05/2016-12-12,2016-12-12/2016-12-14,2016-12-14/2016-12-16,2016-12-16/2017-01-09,2017-01-09/2017-01-18
johnmccutchan,2015-05-19/2015-07-30,2015-07-31/2015-11-13,2015-11-13/2016-02-29,2016-02-29/2016-03-02,2016-03-02/2016-03-04,2016-03-04/2016-03-07,2016-03-08/2016-03-10,2016-03-11/2016-03-15,2016-03-15/2016-03-17,2016-03-17/2016-07-20,2016-07-22/2016-07-27,2016-07-28/2016-08-05,2016-08-05/2016-08-08,2016-08-12/2016-08-17,2016-08-18/2016-08-24,2016-08-25/2016-09-12,2016-09-13/2016-09-15,2016-09-15/2016-09-21,2016-09-21/2016-09-28,2016-09-28/2016-10-10,2016-10-11/2016-10-20,2016-10-20/2016-11-01,2016-11-01/2016-11-03,2016-11-03/2016-11-07,2016-11-07/2016-11-10,2016-11-11/2016-11-15,2016-11-15/2016-11-21,2016-11-23/2016-11-29,2016-11-29/2016-12-12,2016-12-12/2016-12-15,2016-12-15/2017-01-10,2017-01-10/2017-03-07,2017-03-07/2017-03-13,2017-03-15/2017-03-24,2017-03-24/2017-03-29,2017-03-30/2017-04-17
collinjackson,2015-05-23/2015-05-26,2015-05-26/2015-05-29,2015-05-29/2015-06-01,2015-06-05/2015-06-08,2015-06-08/2015-06-10,2015-06-10/2015-06-15,2015-06-18/2015-06-22,2015-06-23/2015-07-16,2015-07-18/2015-07-20,2015-07-20/2015-07-22,2015-07-22/2015-07-24,2015-07-24/2015-08-07,2015-08-07/2015-08-11,2015-08-12/2015-08-14,2015-08-14/2015-08-17,2015-08-22/2015-08-24,2015-08-26/2015-09-11,2015-09-11/2015-09-14,2015-09-14/2015-09-16,2015-09-17/2015-09-21,2015-09-21/2015-09-29,2015-09-29/2015-10-01,2015-10-01/2015-10-09,2015-10-09/2015-10-12,2015-10-13/2015-10-15,2015-10-16/2015-10-23,2015-10-23/2015-10-28,2015-10-28/2015-11-03,2015-11-04/2015-11-09,2015-11-11/2015-11-16,2015-11-17/2015-11-20,2015-11-20/2015-12-04,2015-12-04/2015-12-07,2015-12-08/2016-01-08,2016-01-08/2016-01-15,2016-01-15/2016-01-23,2016-01-23/2016-01-25,2016-01-26/2016-01-28,2016-01-29/2016-02-02,2016-02-02/2016-02-08,2016-02-08/2016-02-10,2016-02-10/2016-02-13,2016-02-13/2016-02-23,2016-02-23/2016-03-08,2016-03-08/2016-03-15,2016-03-15/2016-03-30,2016-03-30/2016-04-01,2016-04-01/2016-05-03,2016-05-03/2016-05-10,2016-05-11/2016-05-16,2016-05-17/2016-07-12,2016-07-14/2016-08-05,2016-08-05/2016-08-15,2016-08-16/2016-08-24,2016-08-24/2016-11-28,2016-11-28/2016-11-30,2016-11-30/2016-12-07,2016-12-07/2017-03-22,2017-03-22/2017-03-24,2017-03-24/2017-03-27,2017-03-29/2017-03-31,2017-03-31/2017-04-03,2017-04-03/2017-04-05,2017-04-05/2017-05-16,2017-05-16/2017-05-19,2017-05-19/2017-06-02,2017-06-02/2017-07-05,2017-07-05/2017-07-21,2017-07-21/2017-08-31,2017-09-01/2017-09-06,2017-09-06/2017-09-12,2017-09-12/2017-09-15,2017-09-15/2017-09-20,2017-09-20/2017-10-17,2017-10-18/2017-12-06,2017-12-06/2018-05-23
vlidholt,2015-06-05/2015-06-10,2015-06-11/2015-06-15,2015-06-16/2015-06-18,2015-06-19/2015-06-22,2015-06-23/2015-06-25,2015-06-25/2015-07-21,2015-07-24/2015-07-27,2015-07-30/2015-08-03,2015-08-07/2015-08-10,2015-08-13/2015-08-17,2015-08-19/2015-08-24,2015-08-28/2015-08-31,2015-09-04/2015-09-08,2015-09-08/2015-09-17,2015-09-18/2015-09-23,2015-09-23/2015-09-25,2015-09-25/2015-09-28,2015-09-28/2015-10-02,2015-10-02/2015-10-05,2015-10-09/2015-10-12,2015-10-16/2015-10-19,2015-10-21/2015-10-23,2015-10-23/2015-10-26,2015-10-30/2015-11-04,2015-11-04/2015-11-19,2015-11-19/2015-12-03,2015-12-03/2015-12-07,2015-12-07/2016-01-29,2016-01-30/2016-02-04,2016-02-04/2016-02-06,2016-02-06/2016-02-08,2016-02-09/2016-02-16,2016-02-17/2016-02-25,2016-02-25/2016-03-03,2016-03-03/2016-03-09,2016-03-11/2016-03-22,2016-03-22/2016-03-25,2016-03-25/2016-03-30,2016-04-01/2016-04-07,2016-04-08/2016-04-12,2016-04-13/2016-04-20,2016-04-20/2016-04-22,2016-04-22/2016-04-29,2016-04-29/2016-05-04,2016-05-04/2016-05-06,2016-05-06/2016-05-16,2016-05-16/2016-05-19,2016-05-19/2017-03-27
HansMuller,2015-06-09/2015-06-15,2015-06-19/2015-06-25,2015-06-26/2015-07-17,2015-07-17/2015-07-20,2015-07-21/2015-07-23,2015-07-24/2015-07-27,2015-07-28/2015-08-04,2015-08-05/2015-08-07,2015-08-07/2015-08-10,2015-08-14/2015-08-17,2015-08-17/2015-08-19,2015-08-21/2015-08-24,2015-08-26/2015-08-31,2015-08-31/2015-09-02,2015-09-04/2015-09-09,2015-09-11/2015-09-22,2015-09-22/2015-09-25,2015-09-25/2015-09-28,2015-10-02/2015-10-06,2015-10-06/2015-10-08,2015-10-08/2015-10-13,2015-10-16/2015-10-21,2015-10-23/2015-10-28,2015-10-28/2015-10-30,2015-10-30/2015-11-02,2015-11-06/2015-11-09,2015-11-14/2015-11-16,2015-11-18/2015-11-25,2015-11-25/2015-11-30,2015-11-30/2015-12-02,2015-12-02/2015-12-08,2015-12-11/2015-12-14,2015-12-16/2015-12-21,2015-12-22/2016-01-05,2016-01-08/2016-01-11,2016-01-12/2016-01-14,2016-01-15/2016-01-20,2016-01-22/2016-02-02,2016-02-05/2016-02-09,2016-02-12/2016-02-17,2016-02-19/2016-02-23,2016-02-27/2016-02-29,2016-03-04/2016-03-07,2016-03-11/2016-03-14,2016-03-14/2016-03-17,2016-03-18/2016-03-21,2016-03-24/2016-03-29,2016-03-31/2016-04-04,2016-04-09/2016-04-12,2016-04-12/2016-04-15,2016-04-16/2016-04-19,2016-04-22/2016-04-25,2016-04-25/2016-04-27,2016-04-28/2016-05-03,2016-05-04/2016-05-09,2016-05-13/2016-05-17,2016-05-17/2016-05-19,2016-05-21/2016-05-23,2016-05-24/2016-05-26,2016-05-27/2016-06-02,2016-06-03/2016-06-13,2016-06-17/2016-06-20,2016-06-23/2016-06-25,2016-06-25/2016-06-27,2016-06-28/2016-06-30,2016-06-30/2016-07-07,2016-07-07/2016-07-11,2016-07-11/2016-07-15,2016-07-15/2016-07-18,2016-07-18/2016-07-21,2016-07-22/2016-07-26,2016-07-29/2016-08-01,2016-08-02/2016-08-04,2016-08-05/2016-08-10,2016-08-10/2016-08-12,2016-08-12/2016-08-15,2016-08-20/2016-08-22,2016-08-23/2016-08-25,2016-08-26/2016-08-29,2016-08-30/2016-09-01,2016-09-02/2016-09-09,2016-09-09/2016-09-14,2016-09-14/2016-09-20,2016-09-22/2016-09-29,2016-09-29/2016-10-03,2016-10-04/2016-10-15,2016-10-15/2016-10-19,2016-10-19/2016-10-21,2016-10-21/2016-10-25,2016-10-25/2016-10-28,2016-10-28/2016-11-02,2016-11-02/2016-11-07,2016-11-07/2016-11-14,2016-11-18/2016-11-21,2016-11-23/2016-11-29,2016-12-02/2016-12-06,2016-12-06/2016-12-16,2016-12-16/2016-12-20,2016-12-21/2017-01-05,2017-01-05/2017-01-09,2017-01-11/2017-01-17,2017-01-18/2017-01-23,2017-01-25/2017-01-27,2017-01-27/2017-02-02,2017-02-02/2017-02-07,2017-02-07/2017-02-14,2017-02-15/2017-02-22,2017-02-23/2017-02-27,2017-02-27/2017-03-03,2017-03-03/2017-03-06,2017-03-09/2017-03-13,2017-03-17/2017-03-21,2017-03-22/2017-03-24,2017-03-24/2017-03-27,2017-03-27/2017-04-03,2017-04-03/2017-04-05,2017-04-05/2017-04-12,2017-04-14/2017-04-17,2017-04-21/2017-04-26,2017-04-26/2017-04-28,2017-04-28/2017-05-01,2017-05-01/2017-05-03,2017-05-05/2017-05-08,2017-05-10/2017-05-12,2017-05-12/2017-05-15,2017-05-16/2017-05-18,2017-05-18/2017-05-22,2017-05-25/2017-06-05,2017-06-09/2017-06-12,2017-06-12/2017-06-14,2017-06-14/2017-06-20,2017-06-20/2017-06-22,2017-06-22/2017-06-29,2017-06-30/2017-07-19,2017-07-19/2017-08-08,2017-08-09/2017-08-24,2017-08-24/2017-08-31,2017-09-01/2017-09-07,2017-09-08/2017-09-12,2017-09-12/2017-09-15,2017-09-15/2017-09-22,2017-09-22/2017-10-03,2017-10-03/2017-10-11,2017-10-11/2017-10-17,2017-10-17/2017-10-19,2017-10-20/2017-11-01,2017-11-01/2017-11-07,2017-11-07/2017-11-14,2017-11-14/2017-11-29,2017-11-29/2017-12-01,2017-12-01/2017-12-19,2017-12-20/2018-01-08,2018-01-09/2018-01-13,2018-01-13/2018-01-17,2018-01-17/2018-01-19,2018-01-20/2018-01-23,2018-01-23/2018-02-03,2018-02-03/2018-02-05,2018-02-07/2018-02-13,2018-02-13/2018-02-21,2018-02-22/2018-03-02,2018-03-03/2018-03-07,2018-03-08/2018-03-12,2018-03-12/2018-03-14,2018-03-16/2018-03-19,2018-03-24/2018-03-27,2018-03-29/2018-04-02,2018-04-05/2018-04-13,2018-04-13/2018-04-23,2018-04-27/2018-04-30,2018-04-30/2018-05-02,2018-05-04/2018-05-07,2018-05-07/2018-05-10,2018-05-11/2018-05-14,2018-05-16/2018-05-21,2018-05-23/2018-05-31,2018-05-31/2018-06-05,2018-06-05/2018-06-09,2018-06-09/2018-06-12,2018-06-12/2018-06-15,2018-06-15/2018-06-21,2018-06-21/2018-07-06,2018-07-06/2018-07-09,2018-07-09/2018-07-12,2018-07-13/2018-07-18,2018-07-19/2018-07-24,2018-07-24/2018-08-06,2018-08-06/2018-08-08,2018-08-08/2018-08-20,2018-08-20/2018-08-22,2018-08-23/2018-08-30,2018-08-30/2018-09-04,2018-09-04/2018-09-06,2018-09-07/2018-09-12,2018-09-13/2018-09-24,2018-09-26/2018-10-02,2018-10-03/2018-10-08,2018-10-08/2018-10-10,2018-10-11/2018-10-15,2018-10-18/2018-10-30,2018-10-30/2018-11-01,2018-11-02/2018-11-05,2018-11-05/2018-11-07,2018-11-07/2018-11-12,2018-11-12/2018-11-14,2018-11-14/2018-11-19,2018-11-20/2018-12-10,2018-12-11/2018-12-14,2018-12-15/2018-12-17,2018-12-18/2018-12-20,2018-12-20/2018-12-22,2018-12-22/2019-01-04,2019-01-04/2019-01-07,2019-01-08/2019-01-15,2019-01-16/2019-01-18,2019-01-18/2019-01-22,2019-01-23/2019-01-26,2019-01-26/2019-01-29,2019-01-29/2019-02-01,2019-02-01/2019-02-04,2019-02-06/2019-02-08,2019-02-08/2019-02-11,2019-02-11/2019-02-13,2019-02-13/2019-02-15,2019-02-15/2019-02-22,2019-02-22/2019-02-25,2019-02-25/2019-02-28,2019-03-01/2019-03-04,2019-03-04/2019-03-12,2019-03-12/2019-03-14,2019-03-14/2019-03-19,2019-03-19/2019-04-01,2019-04-01/2019-04-03,2019-04-03/2019-04-05,2019-04-06/2019-04-25,2019-04-25/2019-05-02,2019-05-03/2019-05-10,2019-05-10/2019-05-14,2019-05-15/2019-06-05
iansf,2015-06-18/2015-06-24,2015-06-24/2015-06-26,2015-06-26/2015-08-05,2015-08-05/2015-08-07,2015-08-08/2015-08-10,2015-08-10/2015-08-20,2015-08-21/2015-08-24,2015-08-25/2015-08-27,2015-08-29/2015-08-31,2015-09-04/2015-09-09,2015-09-11/2015-09-15,2015-09-19/2015-09-22,2015-09-25/2015-09-29,2015-09-30/2015-10-02,2015-10-02/2015-10-06
chinmaygarde,2015-06-26/2015-06-29,2015-07-02/2015-07-06,2015-07-10/2015-07-14,2015-07-14/2015-07-28,2015-07-30/2015-08-06,2015-08-06/2015-08-11,2015-08-11/2015-08-14,2015-08-14/2015-09-04,2015-09-04/2015-09-23,2015-09-23/2015-10-02,2015-10-02/2015-10-05,2015-10-08/2015-10-21,2015-10-21/2015-10-23,2015-10-23/2015-12-17,2015-12-17/2016-01-06,2016-01-06/2016-01-11,2016-01-11/2016-01-14,2016-01-15/2016-01-19,2016-01-19/2016-01-26,2016-01-26/2016-02-08,2016-02-08/2016-02-11,2016-02-12/2016-02-16,2016-02-17/2016-02-19,2016-02-20/2016-02-22,2016-02-26/2016-03-02,2016-03-02/2016-03-10,2016-03-11/2016-03-21,2016-03-22/2016-03-25,2016-03-25/2016-04-06,2016-04-07/2016-05-06,2016-05-06/2016-05-09,2016-05-09/2016-05-11,2016-05-12/2016-05-14,2016-05-14/2016-05-17,2016-05-19/2016-05-23,2016-05-23/2016-05-27,2016-05-27/2016-06-03,2016-06-03/2016-06-07,2016-06-07/2016-06-14,2016-06-14/2016-06-24,2016-06-25/2016-06-28,2016-06-28/2016-07-21,2016-07-22/2016-08-02,2016-08-02/2016-08-05,2016-08-05/2016-08-10,2016-08-10/2016-08-16,2016-08-16/2016-08-24,2016-08-24/2016-09-08,2016-09-09/2016-09-20,2016-09-20/2016-10-04,2016-10-04/2016-10-21,2016-10-21/2016-11-02,2016-11-02/2016-11-09,2016-11-09/2016-11-22,2016-11-23/2016-12-05,2016-12-06/2016-12-13,2016-12-13/2017-01-05,2017-01-05/2017-01-24,2017-01-24/2017-02-02,2017-02-02/2017-04-19,2017-04-19/2018-04-17,2018-04-17/2018-04-19,2018-04-20/2018-08-16,2018-08-16/2018-11-27,2018-11-27/2019-01-17,2019-01-17/2019-01-29
cpu-chromium,2015-06-23/2015-06-25
jimsimon
jimbeveridge,2015-07-30/2015-08-03,2015-08-04/2015-08-26,2015-08-26/2015-10-13,2015-10-13/2015-10-20,2015-10-20/2015-10-22,2015-10-22/2015-11-12,2015-11-12/2015-12-10,2015-12-10/2016-05-10
jamesr,2015-07-30/2015-08-03,2015-08-04/2015-09-17,2015-09-19/2015-09-22,2015-09-26/2015-10-07,2015-10-07/2016-09-21,2016-09-21/2017-01-23,2017-01-23/2017-04-04
devoncarew,2015-08-08/2015-08-10,2015-08-11/2015-09-04,2015-09-04/2015-09-11,2015-09-11/2015-09-19,2015-09-19/2015-09-22,2015-09-23/2015-09-25,2015-09-25/2015-09-27,2015-09-28/2015-10-06,2015-10-06/2015-10-09,2015-10-10/2015-10-17,2015-10-18/2015-10-21,2015-10-21/2015-10-23,2015-10-24/2015-10-28,2015-10-31/2015-11-02,2015-11-02/2015-11-04,2015-11-04/2015-11-07,2015-11-08/2015-11-10,2015-11-13/2015-11-25,2015-11-25/2015-12-14,2015-12-15/2015-12-21,2015-12-21/2015-12-23,2015-12-23/2015-12-29,2015-12-31/2016-01-05,2016-01-06/2016-01-13,2016-01-14/2016-01-19,2016-01-22/2016-01-25,2016-01-25/2016-01-27,2016-02-15/2016-02-17,2016-02-18/2016-02-21,2016-02-28/2016-03-01,2016-03-07/2016-03-09,2016-03-17/2016-03-19,2016-03-19/2016-03-21,2016-03-30/2016-04-01,2016-04-01/2016-04-04,2016-04-08/2016-04-11,2016-04-14/2016-04-16,2016-04-16/2016-04-18,2016-04-20/2016-04-25,2016-05-06/2016-05-09,2016-05-13/2016-05-16,2016-05-16/2016-05-19,2016-05-19/2016-05-23,2016-05-23/2016-05-26,2016-05-29/2016-06-01,2016-06-03/2016-06-06,2016-06-08/2016-06-10,2016-06-10/2016-06-13,2016-06-13/2016-06-15,2016-06-15/2016-06-19,2016-06-19/2016-06-24,2016-06-24/2016-07-01,2016-07-01/2016-07-04,2016-07-04/2016-07-18,2016-07-18/2016-07-20,2016-07-20/2016-07-23,2016-07-23/2016-07-25,2016-07-25/2016-08-05,2016-08-06/2016-08-08,2016-08-09/2016-08-11,2016-08-11/2016-08-13,2016-08-13/2016-08-16,2016-08-17/2016-08-19,2016-08-19/2016-08-22,2016-08-22/2016-08-29,2016-08-29/2016-09-16,2016-09-16/2016-09-22,2016-09-23/2016-09-26,2016-09-29/2016-10-05,2016-10-05/2016-10-07,2016-10-07/2016-10-13,2016-10-13/2016-10-16,2016-10-16/2016-10-20,2016-10-21/2016-10-28,2016-10-28/2016-11-01,2016-11-01/2016-11-03,2016-11-03/2016-11-07,2016-11-07/2016-11-15,2016-11-15/2016-11-22,2016-11-23/2016-12-04,2016-12-04/2016-12-07,2016-12-07/2016-12-12,2016-12-12/2016-12-14,2016-12-14/2016-12-19,2016-12-19/2017-01-10,2017-01-12/2017-01-20,2017-01-20/2017-01-23,2017-01-23/2017-01-30,2017-01-30/2017-02-07,2017-02-10/2017-02-14,2017-02-14/2017-02-23,2017-02-23/2017-02-27,2017-02-28/2017-03-13,2017-03-13/2017-03-17,2017-03-17/2017-03-30,2017-03-30/2017-04-09,2017-04-09/2017-04-11,2017-04-11/2017-04-14,2017-04-14/2017-04-18,2017-04-20/2017-04-27,2017-04-28/2017-05-02,2017-05-02/2017-05-11,2017-05-11/2017-05-24,2017-05-24/2017-05-26,2017-05-26/2017-06-02,2017-06-02/2017-06-20,2017-06-21/2017-06-26,2017-06-26/2017-06-29,2017-06-29/2017-07-07,2017-07-07/2017-07-10,2017-07-10/2017-07-13,2017-07-13/2017-07-19,2017-07-19/2017-07-21,2017-07-21/2017-07-26,2017-07-27/2017-07-30,2017-07-30/2017-08-01,2017-08-03/2017-08-22,2017-08-22/2017-08-30,2017-08-31/2017-10-03,2017-10-03/2017-10-13,2017-10-13/2017-10-20,2017-10-20/2017-11-08,2017-11-10/2017-11-25,2017-11-25/2017-11-27,2017-11-28/2017-12-06,2017-12-07/2018-01-11,2018-01-11/2018-01-20,2018-01-20/2018-02-02,2018-02-02/2018-02-15,2018-02-15/2018-02-26,2018-02-26/2018-04-04,2018-04-04/2018-04-11,2018-04-12/2018-04-19,2018-04-21/2018-04-26,2018-04-26/2018-05-10,2018-05-11/2018-05-21,2018-05-21/2018-05-23,2018-05-24/2018-06-20,2018-06-20/2018-07-09,2018-07-09/2018-08-01,2018-08-02/2018-08-06,2018-08-06/2018-08-21,2018-08-21/2018-09-06,2018-09-06/2018-09-22,2018-09-22/2018-10-19,2018-10-19/2018-10-30,2018-10-30/2018-11-06,2018-11-06/2018-12-17,2018-12-17/2019-01-08,2019-01-08/2019-01-31,2019-01-31/2019-04-18,2019-04-19/2019-05-17,2019-05-17/2019-05-23,2019-05-23/2019-06-12,2019-06-12/2019-06-14,2019-06-16/2019-06-19
apwilson,2015-08-08/2015-08-11,2015-08-11/2015-08-26,2015-08-26/2015-09-03,2015-09-03/2015-09-11,2015-09-11/2015-09-25,2015-09-25/2015-09-29,2015-09-29/2015-10-01,2015-10-02/2016-02-25,2016-02-25/2016-03-15,2016-03-15/2016-03-17,2016-03-17/2016-03-19,2016-03-19/2016-03-21,2016-03-21/2016-03-25,2016-03-25/2016-03-28,2016-03-30/2016-04-01,2016-04-01/2016-04-30,2016-04-30/2016-11-07,2016-11-07/2016-11-11,2016-11-11/2016-12-09,2016-12-09/2017-05-08,2017-05-08/2017-09-01
eseidel,2015-08-11/2015-12-26
afandria,2015-08-11/2015-09-04,2015-09-04/2015-10-06,2015-10-06/2016-01-12
pylaligand,2015-08-13/2016-02-17,2016-02-18/2016-03-17,2016-03-18/2016-09-22,2016-09-22/2016-09-30,2016-10-01/2016-10-04,2016-10-04/2016-10-10,2016-10-10/2016-10-12,2016-10-12/2016-11-04,2016-11-04/2016-11-21,2016-11-21/2016-11-23,2016-11-23/2016-11-29,2016-11-29/2017-01-26,2017-01-26/2017-03-23,2017-03-23/2017-03-28,2017-03-28/2017-04-20,2017-04-20/2017-04-27,2017-04-27/2017-05-06,2017-05-06/2017-05-10,2017-05-10/2017-05-12,2017-05-12/2017-06-05,2017-06-05/2017-06-21,2017-06-21/2017-10-06,2017-10-06/2017-10-14,2017-10-14/2017-10-16,2017-10-16/2017-10-19,2017-10-20/2018-01-08,2018-01-08/2018-03-06,2018-03-06/2018-03-12,2018-03-12/2018-05-23
alhaad,2015-08-27/2015-10-29,2015-10-29/2015-11-09,2015-11-09/2015-11-12,2015-11-12/2016-03-09,2016-03-09/2016-03-24,2016-03-24/2016-04-14,2016-04-14/2016-06-07
mishadynin,2015-08-29/2015-09-09,2015-09-09/2015-11-19
sgraham
jason-simmons,2015-09-18/2015-09-21,2015-09-22/2015-09-25,2015-09-25/2015-09-29,2015-09-30/2015-10-13,2015-10-15/2015-10-21,2015-10-23/2015-10-26,2015-10-26/2015-10-28,2015-10-29/2015-11-03,2015-11-03/2015-11-05,2015-11-06/2015-11-10,2015-11-12/2015-11-17,2015-11-17/2015-11-19,2015-11-21/2015-12-01,2015-12-04/2015-12-07,2015-12-09/2015-12-11,2015-12-11/2015-12-14,2015-12-16/2016-01-04,2016-01-05/2016-01-27,2016-01-28/2016-02-03,2016-02-03/2016-02-09,2016-02-12/2016-02-18,2016-02-19/2016-02-25,2016-02-25/2016-03-09,2016-03-12/2016-03-14,2016-03-14/2016-03-17,2016-03-17/2016-03-21,2016-03-25/2016-03-28,2016-03-28/2016-04-01,2016-04-01/2016-04-07,2016-04-08/2016-04-12,2016-04-12/2016-04-19,2016-04-19/2016-04-21,2016-04-21/2016-04-25,2016-04-25/2016-04-29,2016-04-29/2016-05-02,2016-05-02/2016-05-05,2016-05-05/2016-05-09,2016-05-12/2016-05-17,2016-05-17/2016-05-25,2016-05-25/2016-05-28,2016-05-28/2016-05-31,2016-05-31/2016-06-02,2016-06-02/2016-06-08,2016-06-08/2016-06-10,2016-06-10/2016-06-17,2016-06-17/2016-06-20,2016-06-21/2016-07-01,2016-07-01/2016-07-14,2016-07-14/2016-07-16,2016-07-16/2016-07-22,2016-07-22/2016-07-26,2016-07-26/2016-07-28,2016-07-29/2016-08-02,2016-08-02/2016-08-04,2016-08-05/2016-08-09,2016-08-11/2016-08-15,2016-08-19/2016-08-22,2016-08-25/2016-08-30,2016-08-30/2016-09-02,2016-09-02/2016-09-14,2016-09-14/2016-09-26,2016-09-27/2016-10-03,2016-10-03/2016-10-06,2016-10-07/2016-10-12,2016-10-13/2016-10-18,2016-10-21/2016-10-24,2016-10-26/2016-10-28,2016-10-28/2016-10-31,2016-10-31/2016-11-02,2016-11-04/2016-11-06,2016-11-06/2016-11-10,2016-11-10/2016-11-16,2016-11-16/2016-11-30,2016-12-02/2016-12-05,2016-12-07/2016-12-09,2016-12-09/2016-12-13,2016-12-13/2016-12-15,2016-12-15/2016-12-19,2016-12-19/2017-01-10,2017-01-11/2017-01-13,2017-01-13/2017-01-18,2017-01-18/2017-01-26,2017-01-26/2017-01-31,2017-02-03/2017-02-07,2017-02-07/2017-02-10,2017-02-10/2017-02-24,2017-02-24/2017-02-28,2017-03-01/2017-03-09,2017-03-09/2017-03-13,2017-03-15/2017-03-17,2017-03-17/2017-03-20,2017-03-20/2017-03-28,2017-03-29/2017-03-31,2017-03-31/2017-04-04,2017-04-04/2017-04-06,2017-04-07/2017-04-11,2017-04-11/2017-04-13,2017-04-14/2017-04-19,2017-04-20/2017-04-27,2017-04-27/2017-05-01,2017-05-01/2017-05-03,2017-05-04/2017-05-09,2017-05-10/2017-05-12,2017-05-12/2017-05-15,2017-05-15/2017-05-24,2017-05-24/2017-05-26,2017-05-26/2017-05-31,2017-06-02/2017-06-08,2017-06-08/2017-06-16,2017-06-16/2017-06-19,2017-06-21/2017-06-23,2017-06-23/2017-06-30,2017-06-30/2017-07-13,2017-07-14/2017-07-18,2017-07-18/2017-07-20,2017-07-21/2017-07-24,2017-07-25/2017-07-27,2017-07-27/2017-07-31,2017-07-31/2017-08-02,2017-08-04/2017-08-08,2017-08-09/2017-08-11,2017-08-11/2017-08-23,2017-08-23/2017-08-25,2017-08-25/2017-08-30,2017-08-31/2017-09-25,2017-09-25/2017-10-18,2017-10-18/2017-10-20,2017-10-20/2017-10-23,2017-10-23/2017-10-30,2017-10-31/2017-11-03,2017-11-03/2017-12-07,2017-12-07/2017-12-11,2017-12-11/2017-12-14,2017-12-14/2018-01-08,2018-01-08/2018-01-10,2018-01-11/2018-01-13,2018-01-13/2018-01-17,2018-01-18/2018-01-23,2018-01-23/2018-01-25,2018-01-25/2018-02-01,2018-02-01/2018-02-07,2018-02-09/2018-02-12,2018-02-12/2018-02-20,2018-02-20/2018-02-23,2018-02-23/2018-02-26,2018-02-26/2018-03-06,2018-03-10/2018-03-12,2018-03-13/2018-03-16,2018-03-17/2018-03-19,2018-03-19/2018-03-21,2018-03-21/2018-03-29,2018-03-29/2018-04-05,2018-04-05/2018-04-10,2018-04-10/2018-04-25,2018-04-26/2018-05-09,2018-05-09/2018-05-11,2018-05-11/2018-05-16,2018-05-16/2018-06-26,2018-06-26/2018-06-28,2018-06-28/2018-07-17,2018-07-17/2018-07-19,2018-07-19/2018-09-06,2018-09-07/2018-09-17,2018-09-17/2018-10-01,2018-10-01/2018-10-04,2018-10-05/2018-10-09,2018-10-11/2018-10-18,2018-10-18/2018-10-23,2018-10-25/2018-11-02,2018-11-02/2018-11-14,2018-11-14/2019-01-12,2019-01-12/2019-01-15,2019-01-15/2019-01-18,2019-01-18/2019-01-24,2019-01-24/2019-01-30,2019-01-30/2019-02-04,2019-02-04/2019-02-15,2019-02-15/2019-02-25,2019-02-25/2019-03-04,2019-03-04/2019-03-06,2019-03-06/2019-03-15,2019-03-15/2019-05-13,2019-05-13/2019-05-16,2019-05-16/2019-05-22,2019-05-22/2019-05-28,2019-05-28/2019-05-30,2019-05-31/2019-06-05,2019-06-05/2019-06-11,2019-06-11/2019-06-18
krisgiesing,2015-09-18/2015-10-03,2015-10-03/2015-10-05,2015-10-06/2015-10-09,2015-10-09/2015-10-12,2015-10-16/2015-10-20,2015-10-20/2015-10-22,2015-10-23/2015-10-26,2015-10-27/2015-11-02,2015-11-03/2015-11-05,2015-11-05/2015-11-17,2015-11-17/2015-11-19,2015-11-19/2015-11-21,2015-11-21/2015-11-23,2015-11-23/2015-12-09,2015-12-09/2015-12-15,2015-12-15/2015-12-18,2015-12-18/2016-01-21,2016-01-22/2016-01-29,2016-01-29/2016-02-01,2016-02-03/2016-03-03,2016-03-04/2016-03-15,2016-03-15/2016-03-18,2016-03-18/2016-03-24,2016-03-24/2016-03-28,2016-03-28/2016-03-31,2016-03-31/2016-04-05,2016-04-06/2016-04-09,2016-04-09/2016-04-15,2016-04-15/2016-05-04,2016-05-05/2017-10-05,2017-10-05/2017-12-04
j9brown,2015-09-22/2017-07-18
nlacasse
mdakin,2015-09-30/2015-10-03,2015-10-03/2015-10-06
Iheartweb
eukreign,2015-10-29/2016-02-27,2016-02-27/2016-09-20
tvolkert,2015-10-29/2015-12-08,2015-12-08/2016-02-04,2016-02-05/2016-02-10,2016-02-12/2016-05-10,2016-05-10/2016-05-20,2016-05-20/2016-05-24,2016-05-27/2016-06-07,2016-06-08/2016-06-10,2016-06-10/2016-06-13,2016-06-13/2016-06-20,2016-06-22/2016-06-28,2016-06-28/2016-06-30,2016-06-30/2016-08-05,2016-08-05/2016-08-08,2016-08-08/2016-08-12,2016-08-12/2016-08-19,2016-08-19/2016-08-22,2016-08-23/2016-10-11,2016-10-11/2016-10-13,2016-10-14/2016-10-21,2016-10-21/2016-11-01,2016-11-01/2016-11-10,2016-11-10/2016-11-17,2016-11-18/2016-11-22,2016-11-22/2016-11-29,2016-11-30/2016-12-02,2016-12-02/2016-12-06,2016-12-06/2016-12-08,2016-12-08/2017-01-06,2017-01-07/2017-01-09,2017-01-13/2017-01-19,2017-01-20/2017-01-23,2017-01-24/2017-01-26,2017-01-26/2017-02-13,2017-02-18/2017-02-21,2017-02-21/2017-02-23,2017-02-23/2017-02-27,2017-03-01/2017-03-06,2017-03-07/2017-03-09,2017-03-10/2017-03-14,2017-03-15/2017-03-27,2017-03-27/2017-04-04,2017-04-04/2017-04-20,2017-04-20/2017-04-24,2017-04-24/2017-04-26,2017-04-27/2017-05-01,2017-05-01/2017-05-03,2017-05-05/2017-05-08,2017-05-10/2017-05-16,2017-05-17/2017-05-19,2017-05-19/2017-05-22,2017-05-23/2017-05-31,2017-05-31/2017-06-05,2017-06-05/2017-06-07,2017-06-07/2017-06-12,2017-06-16/2017-06-23,2017-06-23/2017-06-27,2017-06-27/2017-06-30,2017-06-30/2017-07-07,2017-07-07/2017-07-10,2017-07-10/2017-07-12,2017-07-14/2017-07-17,2017-07-20/2017-09-11,2017-09-11/2017-09-24,2017-09-24/2017-09-26,2017-09-26/2017-09-28,2017-09-29/2017-10-19,2017-10-19/2017-11-01,2017-11-01/2017-11-07,2017-11-07/2017-11-10,2017-11-10/2017-11-16,2017-11-17/2017-11-22,2017-11-22/2017-11-27,2017-11-27/2017-11-29,2017-11-29/2017-12-22,2017-12-22/2018-01-26,2018-01-26/2018-01-29,2018-01-29/2018-02-09,2018-02-09/2018-02-14,2018-02-17/2018-02-19,2018-02-21/2018-02-26,2018-03-01/2018-03-04,2018-03-04/2018-03-06,2018-03-09/2018-03-28,2018-03-30/2018-04-03,2018-04-04/2018-04-06,2018-04-06/2018-04-09,2018-04-10/2018-04-17,2018-04-22/2018-04-26,2018-04-26/2018-04-28,2018-04-28/2018-04-30,2018-05-01/2018-05-03,2018-05-04/2018-05-07,2018-05-11/2018-05-15,2018-05-15/2018-05-18,2018-05-18/2018-05-22,2018-05-22/2018-05-24,2018-05-25/2018-05-28,2018-05-29/2018-05-31,2018-05-31/2018-07-24,2018-07-24/2018-07-27,2018-07-27/2018-08-11,2018-08-11/2018-08-15,2018-08-15/2018-08-31,2018-08-31/2018-09-12,2018-09-12/2018-11-05,2018-11-05/2018-11-08,2018-11-10/2018-11-12,2018-11-12/2018-11-19,2018-11-21/2018-11-28,2018-11-29/2018-12-10,2018-12-10/2019-01-19,2019-01-19/2019-01-30,2019-01-30/2019-02-14,2019-02-15/2019-03-09,2019-03-09/2019-04-08,2019-04-08/2019-04-10,2019-04-10/2019-04-17,2019-04-17/2019-04-22,2019-04-22/2019-04-24,2019-04-24/2019-04-26,2019-04-26/2019-05-01,2019-05-02/2019-05-17,2019-05-17/2019-05-20,2019-05-21/2019-05-23,2019-05-24/2019-05-27,2019-05-27/2019-05-29,2019-06-01/2019-06-03,2019-06-04/2019-06-08,2019-06-08/2019-06-10,2019-06-10/2019-06-12,2019-06-14/2019-06-18
syoichi
aghassemi,2015-11-04/2016-05-20,2016-05-20/2016-06-15,2016-06-17/2016-06-21
jeffallen
floitschG,2015-11-10/2015-11-12,2015-11-12/2015-11-18,2015-11-18/2015-12-01,2015-12-02/2015-12-09,2015-12-11/2017-08-29,2017-08-29/2018-05-24,2018-05-24/2018-05-28,2018-05-28/2018-06-06,2018-06-06/2018-06-12,2018-06-13/2018-06-18,2018-06-20/2018-06-25,2018-06-25/2018-06-28
IvBaranov,2015-11-13/2015-11-16
TheBosZ
tonygentilcore,2015-11-20/2016-04-05,2016-04-05/2016-04-12,2016-04-12/2016-04-21
sethladd,2015-11-20/2015-11-23,2015-11-24/2015-12-08,2015-12-08/2015-12-15,2015-12-16/2015-12-20,2015-12-21/2016-01-07,2016-01-07/2016-01-12,2016-01-15/2016-01-25,2016-01-25/2016-01-27,2016-01-27/2016-03-02,2016-03-03/2016-04-07,2016-04-07/2016-04-11,2016-04-11/2016-04-27,2016-04-27/2016-05-13,2016-05-13/2016-05-16,2016-05-16/2016-05-25,2016-05-25/2016-07-12,2016-07-12/2016-07-20,2016-07-21/2016-07-27,2016-07-27/2016-08-01,2016-08-01/2016-08-16,2016-08-19/2016-09-02,2016-09-02/2016-09-09,2016-09-09/2016-09-22,2016-09-23/2016-09-25,2016-09-26/2016-11-09,2016-11-09/2016-11-28,2016-11-28/2017-01-05,2017-01-05/2017-03-10,2017-03-10/2017-04-08,2017-04-08/2017-05-06,2017-05-06/2017-06-14,2017-06-14/2017-06-16,2017-06-16/2017-06-20,2017-06-21/2017-07-10,2017-07-10/2017-12-08,2017-12-08/2018-01-27
yjbanov,2016-02-02/2016-02-04,2016-02-04/2016-02-08,2016-02-08/2016-02-18,2016-02-18/2016-02-20,2016-02-20/2016-02-22,2016-02-26/2016-02-29,2016-03-05/2016-03-07,2016-03-07/2016-03-10,2016-03-10/2016-03-14,2016-03-15/2016-03-18,2016-03-18/2016-03-28,2016-03-29/2016-03-31,2016-03-31/2016-04-02,2016-04-02/2016-04-05,2016-04-05/2016-04-07,2016-04-08/2016-04-14,2016-04-15/2016-04-19,2016-04-20/2016-04-28,2016-04-29/2016-05-03,2016-05-04/2016-05-13,2016-05-13/2016-05-27,2016-05-27/2016-06-01,2016-06-01/2016-07-15,2016-07-15/2016-07-19,2016-07-21/2016-08-09,2016-08-09/2016-08-23,2016-08-24/2016-09-09,2016-09-09/2016-09-13,2016-09-14/2016-09-19,2016-09-19/2016-09-29,2016-09-29/2016-10-04,2016-10-04/2016-10-06,2016-10-07/2016-10-17,2016-10-19/2016-10-25,2016-10-26/2016-11-08,2016-11-09/2016-11-16,2016-11-16/2016-11-18,2016-11-18/2016-11-21,2016-11-21/2016-12-02,2016-12-03/2016-12-05,2016-12-06/2016-12-10,2016-12-10/2016-12-12,2016-12-13/2017-01-09,2017-01-11/2017-01-19,2017-01-19/2017-01-24,2017-01-24/2017-02-13,2017-02-13/2017-02-15,2017-02-15/2017-02-28,2017-03-01/2017-03-04,2017-03-04/2017-03-07,2017-03-07/2017-03-10,2017-03-10/2017-03-15,2017-03-15/2017-03-24,2017-03-24/2017-03-28,2017-03-29/2017-04-04,2017-04-06/2017-04-08,2017-04-08/2017-04-10,2017-04-11/2017-04-13,2017-04-13/2017-04-15,2017-04-15/2017-05-05,2017-05-05/2017-05-08,2017-05-11/2017-05-23,2017-05-24/2017-05-31,2017-05-31/2017-06-13,2017-06-14/2017-06-16,2017-06-16/2017-06-23,2017-06-24/2017-06-27,2017-06-27/2017-07-10,2017-07-12/2017-07-19,2017-07-19/2017-07-28,2017-07-28/2017-08-02,2017-08-02/2017-08-07,2017-08-07/2017-08-31,2017-09-01/2017-09-11,2017-09-11/2017-09-14,2017-09-15/2017-09-22,2017-09-22/2017-10-05,2017-10-06/2017-10-21,2017-10-21/2017-10-23,2017-10-23/2017-10-25,2017-10-26/2017-10-31,2017-11-03/2017-11-07,2017-11-09/2017-11-11,2017-11-11/2017-11-15,2017-11-15/2017-11-22,2017-11-22/2017-11-30,2017-11-30/2017-12-05,2017-12-08/2017-12-13,2017-12-15/2017-12-19,2017-12-21/2018-01-03,2018-01-05/2018-01-12,2018-01-13/2018-01-26,2018-01-26/2018-02-13,2018-02-13/2018-03-02,2018-03-02/2018-03-06,2018-03-06/2018-03-09,2018-03-09/2018-03-19,2018-03-19/2018-03-24,2018-03-24/2018-04-04,2018-04-04/2018-04-20,2018-04-20/2018-04-23,2018-04-25/2018-05-02,2018-05-02/2018-05-04,2018-05-04/2018-05-22,2018-05-22/2018-06-08,2018-06-08/2018-06-13,2018-06-13/2018-06-20,2018-06-21/2018-09-20,2018-09-20/2018-09-26,2018-09-26/2018-10-01,2018-10-01/2018-10-05,2018-10-05/2018-10-08,2018-10-08/2018-10-17,2018-10-18/2018-10-23,2018-10-23/2018-10-25,2018-10-26/2018-11-01,2018-11-01/2018-11-03,2018-11-03/2018-11-15,2018-11-15/2019-05-28,2019-05-28/2019-06-19
a14n,2016-02-03/2016-08-26,2016-08-26/2016-12-01,2016-12-01/2016-12-06,2016-12-06/2016-12-09,2016-12-09/2017-02-08,2017-02-10/2017-02-20,2017-02-21/2017-02-23,2017-02-23/2017-03-01,2017-03-02/2017-03-08,2017-03-08/2017-03-10,2017-03-10/2017-03-15,2017-03-15/2017-03-17,2017-03-17/2017-03-21,2017-03-21/2017-03-23,2017-03-23/2017-03-29,2017-03-29/2017-03-31,2017-03-31/2017-04-04,2017-04-04/2017-04-07,2017-04-08/2017-04-20,2017-04-23/2017-04-25,2017-04-25/2017-05-10,2017-05-13/2017-05-15,2017-05-15/2017-06-02,2017-06-03/2017-06-05,2017-06-05/2017-06-07,2017-06-08/2017-07-13,2017-07-13/2017-08-09,2017-08-09/2017-08-31,2017-09-01/2017-09-21,2017-09-21/2017-10-19,2017-10-19/2017-10-22,2017-10-22/2017-10-25,2017-10-25/2017-11-08,2017-11-10/2017-11-29,2017-11-30/2018-01-11,2018-01-11/2018-01-25,2018-01-25/2018-02-01,2018-02-02/2018-02-05,2018-02-06/2018-02-15,2018-02-16/2018-03-09,2018-03-09/2018-03-14,2018-03-14/2018-03-20,2018-03-22/2018-04-03,2018-04-03/2018-04-10,2018-04-10/2018-04-16,2018-04-16/2018-05-31,2018-05-31/2018-06-05,2018-06-05/2018-06-13,2018-06-13/2018-07-16,2018-07-16/2018-07-23,2018-07-23/2018-08-02,2018-08-02/2018-09-07,2018-09-07/2018-09-10,2018-09-12/2018-09-14,2018-09-14/2018-09-18,2018-09-18/2018-10-01,2018-10-02/2018-10-04,2018-10-05/2018-10-10,2018-10-11/2018-10-16,2018-10-18/2018-11-02,2018-11-02/2018-11-05,2018-11-05/2018-11-19,2018-11-19/2018-12-18,2018-12-19/2018-12-21,2018-12-21/2019-01-06,2019-01-07/2019-01-23,2019-01-23/2019-01-29,2019-01-29/2019-02-21,2019-02-21/2019-03-01,2019-03-01/2019-03-06,2019-03-07/2019-03-09,2019-03-09/2019-03-20,2019-03-20/2019-03-22,2019-03-22/2019-04-02,2019-04-02/2019-04-05,2019-04-05/2019-04-23,2019-04-23/2019-05-14,2019-05-14/2019-05-16,2019-05-16/2019-05-20
jestelle
pq,2016-02-25/2016-03-01,2016-03-01/2016-03-11,2016-03-11/2016-03-14,2016-03-14/2016-03-21,2016-03-21/2016-04-07,2016-04-07/2016-04-11,2016-04-11/2016-04-13,2016-04-14/2016-04-18,2016-04-18/2016-05-04,2016-05-06/2016-05-09,2016-05-13/2016-05-16,2016-05-20/2016-05-26,2016-05-27/2016-05-31,2016-05-31/2016-06-02,2016-06-03/2016-06-06,2016-06-06/2016-06-08,2016-06-08/2016-06-10,2016-06-10/2016-06-14,2016-06-14/2016-06-16,2016-06-16/2016-06-22,2016-06-23/2016-06-28,2016-06-28/2016-06-30,2016-06-30/2016-07-06,2016-07-06/2016-07-18,2016-07-18/2016-07-21,2016-07-22/2016-07-27,2016-07-27/2016-07-29,2016-07-29/2016-08-10,2016-08-11/2016-08-15,2016-08-15/2016-09-08,2016-09-08/2016-09-16,2016-09-16/2016-10-05,2016-10-05/2016-10-11,2016-10-11/2016-10-13,2016-10-13/2016-10-17,2016-10-18/2016-10-28,2016-10-28/2016-11-02,2016-11-02/2016-11-09,2016-11-09/2016-11-16,2016-11-17/2016-11-22,2016-11-22/2016-11-29,2016-11-30/2016-12-05,2016-12-05/2016-12-09,2016-12-09/2017-01-10,2017-01-10/2017-01-12,2017-01-12/2017-01-17,2017-01-17/2017-01-19,2017-01-19/2017-01-24,2017-01-24/2017-02-07,2017-02-08/2017-02-13,2017-02-13/2017-02-17,2017-02-17/2017-02-23,2017-02-23/2017-03-16,2017-03-17/2017-03-28,2017-03-28/2017-04-07,2017-04-07/2017-04-14,2017-04-14/2017-04-17,2017-04-17/2017-04-21,2017-04-21/2017-05-04,2017-05-04/2017-05-22,2017-05-22/2017-06-08,2017-06-08/2017-07-14,2017-07-14/2017-07-21,2017-07-21/2017-08-10,2017-08-10/2017-08-31,2017-08-31/2017-10-24,2017-10-25/2017-12-01,2017-12-01/2017-12-14,2017-12-14/2018-02-28,2018-02-28/2019-01-03,2019-01-03/2019-02-08,2019-02-08/2019-03-06,2019-03-06/2019-03-19,2019-03-19/2019-04-25,2019-04-25/2019-05-09
noman798
stevemessick,2016-03-04/2016-03-07,2016-03-07/2016-04-09,2016-04-09/2017-05-16,2017-05-16/2017-10-03,2017-10-03/2017-10-05,2017-10-05/2018-07-26,2018-07-26/2018-11-14
qchong,2016-03-11/2016-03-17,2016-03-18/2016-09-27,2016-09-28/2016-09-30
ianloic,2016-05-04/2016-11-18
mmclenna
MitchRudominer
Zectbumo
kaiyuanw,2016-06-09/2016-06-25
rmacnak-google,2016-07-13/2016-07-18,2016-07-19/2016-08-26,2016-08-26/2016-10-20,2016-10-20/2016-10-25,2016-10-25/2016-11-04,2016-11-04/2016-11-14,2016-11-14/2016-11-24,2016-11-24/2017-01-23,2017-01-23/2017-02-15,2017-02-17/2017-04-06,2017-04-06/2017-07-11,2017-07-11/2017-07-17,2017-07-17/2017-07-19,2017-07-19/2017-09-20,2017-09-21/2017-10-04,2017-10-05/2017-10-12,2017-10-12/2017-11-07,2017-11-07/2018-01-05,2018-01-05/2018-02-26,2018-02-26/2018-04-11,2018-04-11/2018-04-30,2018-04-30/2018-05-17,2018-05-17/2018-05-24,2018-05-24/2018-07-18,2018-07-19/2018-07-24,2018-07-24/2018-07-31,2018-08-01/2018-09-10,2018-09-10/2018-10-15,2018-10-15/2018-11-07,2018-11-07/2019-02-05
yyoon,2016-07-14/2016-07-25,2016-07-25/2016-12-12
dragostis,2016-07-19/2016-07-21,2016-07-21/2016-07-29,2016-07-29/2016-08-08,2016-08-08/2016-08-11,2016-08-11/2016-08-15,2016-08-15/2016-08-17,2016-08-18/2016-08-22,2016-08-22/2016-08-26,2016-08-26/2016-08-30,2016-09-02/2016-09-07,2016-09-07/2016-09-09,2016-09-09/2016-09-12,2016-09-12/2016-09-14,2016-09-16/2016-09-19,2016-09-23/2016-09-26,2016-09-26/2016-09-30
cbracken,2016-08-05/2016-08-22,2016-08-23/2016-08-25,2016-08-25/2016-08-29,2016-08-29/2016-09-03,2016-09-03/2016-09-09,2016-09-09/2016-09-23,2016-09-23/2016-09-26,2016-09-28/2016-10-03,2016-10-04/2016-10-12,2016-10-12/2016-10-14,2016-10-14/2016-10-24,2016-10-25/2016-10-27,2016-10-28/2016-10-31,2016-11-02/2016-11-10,2016-11-10/2016-11-22,2016-11-22/2016-11-24,2016-11-24/2016-11-28,2016-11-28/2017-01-11,2017-01-11/2017-01-22,2017-01-22/2017-01-24,2017-01-27/2017-01-31,2017-02-04/2017-02-07,2017-02-10/2017-02-14,2017-02-15/2017-02-17,2017-02-17/2017-02-21,2017-02-25/2017-02-28,2017-03-02/2017-03-04,2017-03-04/2017-03-06,2017-03-10/2017-03-13,2017-03-15/2017-03-17,2017-03-17/2017-03-23,2017-03-23/2017-03-30,2017-03-31/2017-04-04,2017-04-04/2017-04-07,2017-04-07/2017-04-12,2017-04-13/2017-04-17,2017-04-17/2017-04-27,2017-04-27/2017-05-01,2017-05-06/2017-05-09,2017-05-12/2017-05-18,2017-05-20/2017-05-22,2017-05-26/2017-05-31,2017-05-31/2017-06-02,2017-06-03/2017-06-05,2017-06-05/2017-06-07,2017-06-07/2017-06-09,2017-06-10/2017-06-15,2017-06-17/2017-06-19,2017-06-20/2017-06-23,2017-06-24/2017-06-26,2017-06-26/2017-06-28,2017-06-28/2017-06-30,2017-06-30/2017-07-05,2017-07-05/2017-07-13,2017-07-14/2017-08-07,2017-08-08/2017-08-10,2017-08-11/2017-08-21,2017-08-21/2017-08-23,2017-08-23/2017-08-25,2017-08-25/2017-08-28,2017-08-29/2017-09-01,2017-09-02/2017-09-05,2017-09-07/2017-09-14,2017-09-14/2017-09-19,2017-09-20/2017-09-26,2017-09-26/2017-09-28,2017-09-29/2017-10-04,2017-10-05/2017-10-10,2017-10-11/2017-10-13,2017-10-13/2017-10-19,2017-10-19/2017-10-25,2017-10-25/2017-10-28,2017-10-28/2017-10-31,2017-11-03/2017-11-06,2017-11-06/2017-11-08,2017-11-10/2017-11-17,2017-11-17/2017-11-21,2017-11-23/2017-11-30,2017-12-01/2017-12-06,2017-12-09/2017-12-12,2017-12-12/2017-12-14,2017-12-16/2017-12-18,2017-12-19/2018-01-02,2018-01-02/2018-01-12,2018-01-12/2018-01-24,2018-01-25/2018-01-27,2018-01-27/2018-01-30,2018-02-01/2018-02-06,2018-02-07/2018-02-09,2018-02-10/2018-02-14,2018-02-14/2018-02-27,2018-02-27/2018-03-01,2018-03-02/2018-03-13,2018-03-13/2018-03-17,2018-03-17/2018-03-27,2018-03-27/2018-03-29,2018-03-30/2018-04-04,2018-04-06/2018-04-10,2018-04-12/2018-04-19,2018-04-19/2018-04-23,2018-04-24/2018-04-26,2018-04-27/2018-04-29,2018-05-05/2018-05-07,2018-05-11/2018-05-14,2018-05-16/2018-05-24,2018-05-25/2018-06-01,2018-06-01/2018-06-07,2018-06-09/2018-06-13,2018-06-14/2018-06-25,2018-06-25/2018-07-10,2018-07-10/2018-07-12,2018-07-12/2018-07-18,2018-07-19/2018-08-30,2018-08-31/2018-09-04,2018-09-07/2018-09-18,2018-09-18/2018-10-01,2018-10-01/2018-10-19,2018-10-19/2019-01-10,2019-01-11/2019-01-15,2019-01-16/2019-01-24,2019-01-25/2019-02-22,2019-02-22/2019-02-27,2019-03-01/2019-03-06,2019-03-06/2019-05-15,2019-05-15/2019-05-25,2019-05-25/2019-06-01
munificent,2016-08-05/2016-08-19
EpicPi
scheglov,2016-08-17/2016-09-12,2016-09-12/2018-04-04,2018-04-04/2018-04-08,2018-04-08/2018-04-10,2018-04-11/2018-04-13,2018-04-13/2018-04-27,2018-04-27/2018-05-03,2018-05-03/2018-05-11,2018-05-11/2018-05-21,2018-05-21/2019-01-29
danrubel,2016-08-19/2016-08-24,2016-08-26/2016-08-30,2016-09-02/2016-09-07,2016-09-09/2016-09-12,2016-09-13/2016-09-15,2016-09-16/2016-09-20,2016-09-23/2016-10-02,2016-10-02/2016-10-04,2016-10-07/2016-10-11,2016-10-11/2016-10-13,2016-10-13/2016-10-20,2016-10-20/2016-10-25,2016-10-27/2016-10-31,2016-10-31/2016-11-02,2016-11-03/2016-11-07,2016-11-08/2016-11-10,2016-11-11/2016-11-14,2016-11-14/2016-11-22,2016-11-22/2016-11-28,2016-11-28/2016-12-01,2016-12-02/2016-12-06,2016-12-06/2017-01-22,2017-01-22/2017-02-13,2017-02-13/2017-02-15,2017-02-15/2017-03-13,2017-03-13/2017-03-28,2017-03-28/2017-06-14,2017-06-14/2017-07-19,2017-07-19/2017-08-15
bbalet
edelvalle
mikejurka,2016-09-13/2017-03-08
dvdwasibi,2016-09-26/2017-02-09,2017-02-09/2017-03-19,2017-03-19/2017-04-06
petrhosek
mit-mit,2016-11-09/2017-01-12,2017-01-12/2017-01-23,2017-01-23/2017-02-14,2017-02-15/2017-02-21,2017-02-21/2017-02-28,2017-03-02/2017-03-06,2017-03-06/2017-03-22,2017-03-23/2017-03-30,2017-03-30/2017-04-04,2017-04-05/2017-04-18,2017-04-18/2017-04-21,2017-04-21/2017-04-24,2017-04-24/2017-05-08,2017-05-09/2017-06-06,2017-06-08/2017-06-29,2017-06-29/2017-08-23,2017-08-23/2017-09-12,2017-09-12/2017-09-15,2017-09-15/2017-09-29,2017-09-29/2017-10-30,2017-10-30/2017-11-23,2017-11-23/2018-01-09,2018-01-09/2018-01-11,2018-01-11/2018-02-02,2018-02-02/2018-02-13,2018-02-13/2018-02-22,2018-02-22/2018-05-25,2018-05-25/2018-06-13,2018-06-13/2018-08-27,2018-08-27/2018-10-08,2018-10-08/2018-10-30,2018-10-30/2019-01-29,2019-01-29/2019-04-09,2019-04-09/2019-05-21,2019-05-21/2019-06-14
raju-bitter,2016-11-12/2016-11-23
mikemimik,2016-11-16/2017-01-03
Pacane
zoechi,2016-11-18/2018-08-23
lukechurch,2016-11-22/2016-11-30,2016-11-30/2016-12-05,2016-12-05/2017-06-18
beckler,2016-11-30/2018-11-07
lukef,2016-12-18/2017-02-02,2017-02-02/2017-02-26,2017-02-26/2017-03-03,2017-03-03/2017-03-05,2017-03-05/2017-03-23,2017-03-23/2017-03-27,2017-03-27/2018-04-03
lequem
goderbauer,2017-01-06/2017-01-09,2017-01-09/2017-01-11,2017-01-11/2017-01-13,2017-01-13/2017-01-17,2017-01-17/2017-01-19,2017-01-20/2017-01-24,2017-01-28/2017-01-31,2017-02-02/2017-02-06,2017-02-11/2017-02-13,2017-02-18/2017-02-21,2017-02-24/2017-02-27,2017-03-04/2017-03-06,2017-03-10/2017-03-14,2017-03-17/2017-03-20,2017-03-23/2017-03-25,2017-03-25/2017-03-27,2017-03-28/2017-04-05,2017-04-05/2017-04-18,2017-04-18/2017-04-25,2017-04-27/2017-05-02,2017-05-02/2017-05-05,2017-05-05/2017-05-08,2017-05-08/2017-05-11,2017-05-11/2017-05-19,2017-05-19/2017-05-22,2017-05-22/2017-05-26,2017-05-26/2017-05-30,2017-05-30/2017-06-01,2017-06-03/2017-06-06,2017-06-09/2017-06-13,2017-06-16/2017-06-20,2017-06-20/2017-06-23,2017-06-23/2017-06-26,2017-06-26/2017-07-05,2017-07-07/2017-07-10,2017-07-15/2017-07-17,2017-07-17/2017-07-19,2017-07-20/2017-07-24,2017-07-24/2017-08-01,2017-08-01/2017-08-03,2017-08-04/2017-08-08,2017-08-08/2017-08-10,2017-08-10/2017-08-23,2017-08-26/2017-08-28,2017-08-30/2017-09-05,2017-09-08/2017-09-11,2017-09-12/2017-09-20,2017-09-20/2017-09-25,2017-09-25/2017-09-27,2017-09-29/2017-10-02,2017-10-04/2017-10-11,2017-10-11/2017-10-13,2017-10-13/2017-10-18,2017-10-19/2017-10-24,2017-10-24/2017-10-26,2017-10-26/2017-10-31,2017-11-02/2017-11-14,2017-11-14/2017-11-30,2017-11-30/2017-12-06,2017-12-06/2017-12-08,2017-12-08/2017-12-13,2017-12-14/2017-12-19,2017-12-20/2017-12-22,2017-12-22/2018-01-03,2018-01-05/2018-01-09,2018-01-12/2018-01-16,2018-01-18/2018-01-22,2018-01-26/2018-01-31,2018-01-31/2018-02-06,2018-02-06/2018-02-10,2018-02-10/2018-02-14,2018-02-14/2018-03-06,2018-03-06/2018-03-09,2018-03-09/2018-03-20,2018-03-20/2018-03-29,2018-03-29/2018-04-11,2018-04-11/2018-04-16,2018-04-16/2018-04-19,2018-04-21/2018-04-25,2018-04-25/2018-05-04,2018-05-04/2018-05-09,2018-05-09/2018-05-15,2018-05-16/2018-05-18,2018-05-18/2018-05-21,2018-05-21/2018-05-24,2018-05-25/2018-05-30,2018-05-30/2018-06-01,2018-06-01/2018-06-05,2018-06-07/2018-06-15,2018-06-16/2018-06-19,2018-06-19/2018-06-22,2018-06-22/2018-07-02,2018-07-02/2018-07-11,2018-07-11/2018-07-17,2018-07-18/2018-07-20,2018-07-20/2018-07-30,2018-07-30/2018-08-01,2018-08-03/2018-08-15,2018-08-16/2018-08-28,2018-08-28/2018-08-31,2018-08-31/2018-09-07,2018-09-07/2018-09-11,2018-09-12/2018-09-14,2018-09-14/2018-09-25,2018-09-25/2018-10-03,2018-10-03/2018-10-13,2018-10-13/2018-10-18,2018-10-19/2018-10-21,2018-10-21/2018-10-23,2018-10-23/2018-10-31,2018-10-31/2018-11-05,2018-11-05/2018-11-13,2018-11-14/2018-12-07,2018-12-07/2018-12-10,2018-12-15/2018-12-18,2018-12-18/2018-12-27,2018-12-27/2019-01-02,2019-01-02/2019-01-04,2019-01-04/2019-01-07,2019-01-08/2019-01-10,2019-01-10/2019-01-16,2019-01-17/2019-01-24,2019-01-25/2019-01-29,2019-01-30/2019-02-05,2019-02-06/2019-02-13,2019-02-15/2019-02-20,2019-02-21/2019-02-25,2019-02-28/2019-03-11,2019-03-13/2019-03-20,2019-03-21/2019-03-29,2019-03-29/2019-04-02,2019-04-05/2019-05-06,2019-05-06/2019-05-09,2019-05-10/2019-05-31,2019-05-31/2019-06-06,2019-06-07/2019-06-13,2019-06-13/2019-06-19
Reagankm
xster,2017-01-27/2017-01-31,2017-01-31/2017-02-02,2017-02-03/2017-02-08,2017-02-09/2017-02-15,2017-02-17/2017-02-22,2017-02-23/2017-03-02,2017-03-03/2017-03-23,2017-03-23/2017-03-29,2017-03-29/2017-03-31,2017-03-31/2017-04-03,2017-04-04/2017-04-08,2017-04-08/2017-04-10,2017-04-13/2017-04-18,2017-04-21/2017-04-26,2017-04-28/2017-05-01,2017-05-04/2017-05-08,2017-05-08/2017-05-11,2017-05-11/2017-05-15,2017-05-15/2017-05-17,2017-05-18/2017-05-20,2017-05-21/2017-05-24,2017-05-24/2017-05-31,2017-06-02/2017-06-07,2017-06-07/2017-06-13,2017-06-13/2017-06-15,2017-06-16/2017-06-22,2017-06-22/2017-06-28,2017-06-30/2017-07-06,2017-07-07/2017-07-13,2017-07-13/2017-07-15,2017-07-15/2017-07-21,2017-07-21/2017-07-31,2017-07-31/2017-08-09,2017-08-10/2017-08-14,2017-08-16/2017-08-23,2017-08-24/2017-08-31,2017-08-31/2017-09-07,2017-09-07/2017-09-12,2017-09-12/2017-09-20,2017-09-21/2017-10-17,2017-10-20/2017-10-23,2017-10-23/2017-11-03,2017-11-03/2017-11-07,2017-11-07/2017-11-09,2017-11-10/2017-11-15,2017-11-15/2017-11-17,2017-11-17/2017-11-20,2017-11-20/2017-11-22,2017-11-22/2017-11-28,2017-11-30/2017-12-02,2017-12-02/2017-12-05,2017-12-06/2017-12-08,2017-12-08/2017-12-12,2017-12-12/2017-12-14,2017-12-16/2017-12-19,2017-12-19/2017-12-22,2017-12-22/2017-12-27,2017-12-27/2018-01-03,2018-01-03/2018-01-05,2018-01-05/2018-01-09,2018-01-09/2018-01-18,2018-01-18/2018-01-22,2018-01-22/2018-01-26,2018-01-26/2018-01-29,2018-01-31/2018-02-05,2018-02-06/2018-02-09,2018-02-11/2018-02-13,2018-02-15/2018-02-17,2018-02-17/2018-02-20,2018-02-21/2018-02-26,2018-02-27/2018-03-01,2018-03-01/2018-03-06,2018-03-07/2018-03-12,2018-03-12/2018-03-15,2018-03-15/2018-03-17,2018-03-17/2018-03-19,2018-03-23/2018-03-28,2018-03-29/2018-03-31,2018-03-31/2018-04-02,2018-04-04/2018-04-07,2018-04-07/2018-04-11,2018-04-11/2018-04-19,2018-04-19/2018-04-21,2018-04-21/2018-04-23,2018-04-23/2018-04-25,2018-04-25/2018-04-27,2018-04-27/2018-05-01,2018-05-03/2018-05-07,2018-05-08/2018-05-11,2018-05-11/2018-05-18,2018-05-18/2018-06-05,2018-06-05/2018-06-11,2018-06-11/2018-06-13,2018-06-14/2018-07-04,2018-07-04/2018-07-09,2018-07-09/2018-07-12,2018-07-13/2018-07-17,2018-07-18/2018-07-30,2018-07-31/2018-08-15,2018-08-16/2018-08-24,2018-08-24/2018-08-27,2018-08-28/2018-08-31,2018-09-01/2018-09-26,2018-09-28/2018-10-01,2018-10-01/2018-10-03,2018-10-03/2018-10-05,2018-10-05/2018-10-08,2018-10-08/2018-10-23,2018-10-24/2018-10-26,2018-10-26/2018-11-06,2018-11-06/2018-11-15,2018-11-16/2018-12-11,2018-12-12/2018-12-19,2018-12-21/2019-01-04,2019-01-04/2019-01-10,2019-01-11/2019-01-18,2019-01-18/2019-01-22,2019-01-22/2019-01-26,2019-01-26/2019-02-05,2019-02-08/2019-02-12,2019-02-13/2019-02-15,2019-02-15/2019-02-20,2019-02-20/2019-02-22,2019-02-22/2019-02-25,2019-02-26/2019-03-06,2019-03-07/2019-03-09,2019-03-09/2019-03-15,2019-03-15/2019-03-18,2019-03-18/2019-03-21,2019-03-21/2019-03-27,2019-03-27/2019-03-29,2019-03-29/2019-04-02,2019-04-06/2019-04-08,2019-04-08/2019-04-10,2019-04-11/2019-04-15,2019-04-15/2019-04-17,2019-04-17/2019-04-22,2019-04-22/2019-04-24,2019-04-25/2019-04-27,2019-04-27/2019-04-29,2019-04-29/2019-05-01,2019-05-01/2019-05-07,2019-05-07/2019-05-10,2019-05-10/2019-05-13,2019-05-13/2019-05-19
jakobr-google,2017-01-31/2017-02-10,2017-02-10/2017-02-14,2017-02-16/2017-02-20,2017-02-24/2017-02-28,2017-03-02/2017-03-08,2017-03-08/2017-03-10,2017-03-10/2017-03-14,2017-03-17/2017-03-20,2017-03-20/2017-03-22,2017-03-23/2017-03-27,2017-03-27/2017-03-30,2017-03-30/2017-04-04,2017-04-04/2017-04-10,2017-04-10/2017-05-05,2017-05-05/2017-08-23,2017-08-23/2017-11-11,2017-11-11/2017-12-01,2017-12-01/2017-12-07
mravn-google,2017-02-02/2017-03-01,2017-03-02/2017-03-06,2017-03-06/2017-03-13,2017-03-14/2017-03-17,2017-03-17/2017-03-23,2017-03-23/2017-03-30,2017-03-30/2017-04-18,2017-04-18/2017-04-27,2017-04-28/2017-05-09,2017-05-10/2017-05-15,2017-05-15/2017-05-18,2017-05-18/2017-05-24,2017-05-24/2017-05-26,2017-05-26/2017-05-29,2017-05-29/2017-06-01,2017-06-01/2017-06-26,2017-06-26/2017-06-29,2017-06-29/2017-07-31,2017-07-31/2017-08-04,2017-08-04/2017-08-09,2017-08-09/2017-08-14,2017-08-14/2017-08-22,2017-08-24/2017-09-05,2017-09-07/2017-09-12,2017-09-12/2017-11-02,2017-11-02/2017-11-06,2017-11-06/2017-11-08,2017-11-10/2017-11-20,2017-11-20/2017-11-22,2017-11-23/2017-11-29,2017-12-01/2017-12-13,2017-12-14/2017-12-18,2017-12-18/2017-12-20,2017-12-21/2018-01-02,2018-01-04/2018-01-06,2018-01-06/2018-01-08,2018-01-08/2018-01-11,2018-01-11/2018-01-18,2018-01-18/2018-02-08,2018-02-08/2018-02-12,2018-02-13/2018-02-15,2018-02-17/2018-02-19,2018-02-19/2018-02-21,2018-02-21/2018-02-28,2018-02-28/2018-03-07,2018-03-07/2018-03-12,2018-03-12/2018-03-16,2018-03-16/2018-03-20,2018-03-20/2018-03-22,2018-03-23/2018-03-28,2018-03-29/2018-04-03,2018-04-03/2018-04-05,2018-04-06/2018-04-12,2018-04-12/2018-04-17,2018-04-18/2018-04-20,2018-04-20/2018-04-30,2018-04-30/2018-05-04,2018-05-04/2018-05-08,2018-05-08/2018-05-16,2018-05-17/2018-05-24,2018-05-24/2018-05-28,2018-06-01/2018-06-15,2018-06-15/2018-06-20,2018-06-20/2018-06-22,2018-06-22/2018-06-25,2018-06-26/2018-06-28,2018-06-29/2018-07-02,2018-07-05/2018-08-02,2018-08-04/2018-08-07,2018-08-07/2018-08-10,2018-08-10/2018-08-13,2018-08-13/2018-08-16,2018-08-16/2018-08-30,2018-08-31/2018-09-25
weisong0
jacob314,2017-02-06/2017-05-26,2017-05-26/2017-06-17,2017-06-17/2017-06-21,2017-06-21/2017-06-23,2017-06-23/2017-06-27,2017-06-27/2017-06-30,2017-06-30/2017-07-25,2017-07-25/2017-08-03,2017-08-03/2017-08-15,2017-08-15/2017-08-18,2017-08-18/2017-08-21,2017-08-22/2017-09-11,2017-09-12/2017-11-28,2017-11-28/2017-12-07,2017-12-07/2018-01-19,2018-01-19/2018-02-05,2018-02-05/2018-02-12,2018-02-12/2018-03-01,2018-03-01/2018-03-09,2018-03-09/2018-03-20,2018-03-20/2018-04-09,2018-04-09/2018-04-16,2018-04-16/2018-04-18,2018-04-19/2018-05-30,2018-05-30/2018-08-28,2018-08-28/2018-09-04,2018-09-04/2018-09-07,2018-09-07/2018-09-10,2018-09-10/2018-09-12,2018-09-12/2018-09-18,2018-09-18/2018-09-25,2018-09-25/2018-09-27,2018-09-27/2018-10-15,2018-10-17/2018-10-23,2018-10-23/2018-10-29,2018-10-29/2019-02-01,2019-02-01/2019-05-01
zhenqiu1101
mehmetf,2017-02-09/2017-04-26,2017-04-26/2017-07-22,2017-07-22/2017-08-29,2017-08-29/2017-09-01,2017-09-01/2017-09-08,2017-09-08/2017-09-14,2017-09-14/2017-11-11,2017-11-11/2017-11-29,2017-11-29/2017-12-10,2017-12-10/2017-12-12,2017-12-12/2018-06-10,2018-06-11/2018-07-28,2018-07-28/2018-08-19,2018-08-19/2018-08-24,2018-08-24/2018-09-07,2018-09-07/2018-09-14,2018-09-14/2018-10-16,2018-10-16/2019-01-08,2019-01-08/2019-01-19,2019-01-19/2019-05-29
szakarias,2017-02-13/2017-03-06,2017-03-06/2017-03-09,2017-03-09/2017-03-14,2017-03-14/2017-03-16,2017-03-16/2017-03-20,2017-03-20/2017-03-22,2017-03-24/2017-03-27,2017-03-27/2017-03-30,2017-03-30/2017-04-05,2017-04-05/2017-04-18,2017-04-18/2017-05-05,2017-05-05/2017-05-08,2017-05-09/2017-05-17,2017-05-17/2017-05-30,2017-05-30/2017-06-26,2017-06-26/2017-06-30,2017-06-30/2017-07-17,2017-07-17/2017-08-11,2017-08-11/2017-08-29,2017-08-29/2017-09-05,2017-09-05/2017-09-11,2017-09-12/2017-09-19,2017-09-19/2017-09-25,2017-09-26/2017-10-18,2017-10-19/2017-12-01,2017-12-01/2017-12-04,2017-12-04/2017-12-07,2017-12-07/2017-12-13,2017-12-14/2017-12-18,2017-12-18/2017-12-21,2017-12-21/2018-02-14,2018-02-14/2018-03-05,2018-03-06/2018-04-05,2018-04-05/2018-04-12,2018-04-12/2018-05-16,2018-05-16/2018-05-24,2018-05-24/2018-06-15,2018-06-15/2018-06-25,2018-06-25/2018-07-20,2018-07-20/2018-08-03
ilikerobots
zanderso,2017-03-14/2017-03-16,2017-03-16/2017-03-19,2017-03-19/2017-04-14,2017-04-15/2017-04-17,2017-04-17/2017-04-20,2017-04-20/2017-04-27,2017-04-27/2017-06-22,2017-06-23/2017-08-17,2017-08-17/2017-08-25,2017-08-25/2017-08-30,2017-08-30/2017-09-15,2017-09-15/2017-09-18,2017-09-19/2017-10-06,2017-10-06/2017-11-10,2017-11-10/2017-11-14,2017-11-14/2017-12-01,2017-12-01/2017-12-08,2017-12-08/2017-12-11,2017-12-11/2017-12-21,2017-12-21/2018-02-01,2018-02-02/2018-03-26,2018-03-26/2018-04-06,2018-04-06/2018-04-24,2018-04-24/2018-05-10,2018-05-11/2018-06-21,2018-06-21/2018-07-12,2018-07-12/2018-07-18,2018-07-18/2018-08-20,2018-08-20/2018-11-14,2018-11-14/2018-12-17,2018-12-17/2019-01-03,2019-01-03/2019-01-30,2019-01-30/2019-02-08,2019-02-08/2019-02-22,2019-02-22/2019-02-26,2019-02-26/2019-03-26,2019-03-26/2019-04-01,2019-04-01/2019-04-04,2019-04-04/2019-05-01,2019-05-02/2019-05-06,2019-05-06/2019-05-14,2019-05-14/2019-05-21,2019-05-21/2019-05-24,2019-05-24/2019-05-29,2019-05-29/2019-06-03,2019-06-03/2019-06-05,2019-06-07/2019-06-10,2019-06-10/2019-06-12
asaarnak,2017-03-21/2017-09-26
kevmoo,2017-03-22/2017-06-06,2017-06-07/2017-12-02,2017-12-02/2017-12-06,2017-12-07/2018-03-20,2018-03-20/2018-10-24
lyrachord
ds84182,2017-04-04/2017-04-17,2017-04-17/2017-11-22,2017-11-22/2018-01-16,2018-01-16/2018-10-17,2018-10-17/2019-03-11,2019-03-11/2019-03-27
dbacinski
Skylled,2017-04-08/2017-05-03,2017-05-03/2017-09-14,2017-09-14/2017-09-26,2017-09-26/2017-11-22
skybrian,2017-04-16/2017-04-18,2017-04-18/2017-04-23,2017-04-23/2017-05-06,2017-05-06/2017-05-19,2017-05-19/2017-06-13,2017-06-13/2017-06-15,2017-06-15/2017-06-20,2017-06-20/2017-06-30
jcollins-g,2017-04-21/2017-05-04,2017-05-04/2017-05-10,2017-05-10/2017-05-25,2017-05-25/2017-06-20,2017-06-21/2017-10-05,2017-10-05/2017-12-08,2017-12-08/2018-01-05,2018-01-05/2018-01-09,2018-01-09/2018-01-16,2018-01-18/2018-02-01,2018-02-02/2018-02-05,2018-02-05/2018-02-08,2018-02-09/2018-02-14,2018-02-14/2018-02-21,2018-02-21/2018-02-27,2018-03-02/2018-03-14,2018-03-14/2018-03-30,2018-03-30/2018-04-16,2018-04-16/2018-05-14,2018-05-14/2018-05-25,2018-05-25/2018-06-04,2018-06-04/2018-06-22,2018-06-22/2018-07-30,2018-07-30/2018-08-17,2018-08-17/2018-08-23,2018-08-23/2018-08-28,2018-08-28/2018-09-24,2018-09-24/2018-10-09,2018-10-09/2018-10-11,2018-10-11/2018-10-16,2018-10-16/2018-11-19,2018-11-19/2018-12-12,2018-12-12/2019-01-04,2019-01-04/2019-01-15,2019-01-15/2019-02-04,2019-02-04/2019-02-06
postmasters
EasonPai
mattsarett
aam,2017-05-21/2017-06-13,2017-06-13/2017-06-16,2017-06-16/2017-06-27,2017-06-27/2017-06-29,2017-06-29/2017-08-29,2017-08-29/2017-08-31,2017-09-01/2017-09-05,2017-09-05/2017-09-07,2017-09-07/2017-09-13,2017-09-14/2017-09-21,2017-09-22/2017-09-28,2017-09-28/2017-10-02,2017-10-02/2017-10-05,2017-10-06/2017-10-09,2017-10-10/2017-10-12,2017-10-14/2017-10-16,2017-10-17/2017-10-19,2017-10-19/2017-10-24,2017-10-25/2017-11-10,2017-11-10/2017-11-22,2017-11-22/2017-11-29,2017-12-01/2017-12-21,2017-12-22/2018-01-02,2018-01-04/2018-01-06,2018-01-06/2018-01-08,2018-01-08/2018-01-10,2018-01-12/2018-01-15,2018-01-15/2018-01-19,2018-01-20/2018-01-22,2018-01-22/2018-02-05,2018-02-05/2018-02-09,2018-02-09/2018-02-13,2018-02-16/2018-02-20,2018-02-20/2018-02-24,2018-02-24/2018-02-27,2018-03-02/2018-03-05,2018-03-09/2018-03-12,2018-03-14/2018-03-16,2018-03-17/2018-03-19,2018-03-19/2018-03-21,2018-03-21/2018-03-24,2018-03-24/2018-03-27,2018-03-28/2018-03-30,2018-03-30/2018-04-03,2018-04-03/2018-04-10,2018-04-12/2018-04-14,2018-04-14/2018-04-17,2018-04-18/2018-04-24,2018-04-25/2018-04-27,2018-04-28/2018-05-03,2018-05-03/2018-05-17,2018-05-18/2018-05-26,2018-05-26/2018-06-05,2018-06-05/2018-06-20,2018-06-22/2018-06-25,2018-06-25/2018-06-27,2018-06-28/2018-07-06,2018-07-06/2018-07-11,2018-07-12/2018-08-16,2018-08-16/2018-08-29,2018-08-30/2018-09-09,2018-09-09/2018-09-13,2018-09-13/2018-09-20,2018-09-20/2018-10-10,2018-10-10/2018-10-18,2018-10-19/2018-10-26,2018-10-27/2018-10-30,2018-10-30/2018-11-02,2018-11-02/2018-11-05,2018-11-05/2018-11-14,2018-11-15/2018-12-27,2018-12-27/2019-01-05,2019-01-05/2019-01-14,2019-01-14/2019-01-18,2019-01-18/2019-02-01,2019-02-01/2019-02-13,2019-02-13/2019-03-21,2019-03-21/2019-04-16,2019-04-16/2019-06-06,2019-06-06/2019-06-10
charafau,2017-05-22/2017-06-01
maryx,2017-05-26/2017-07-20,2017-07-20/2019-01-08
Solido
konifar,2017-05-29/2017-11-29,2017-11-29/2017-12-08
GaryQian,2017-06-02/2018-09-07,2018-09-07/2018-09-10,2018-09-10/2018-09-13,2018-09-13/2018-09-21,2018-09-22/2018-10-02,2018-10-04/2018-10-15,2018-10-15/2018-10-19,2018-10-19/2018-10-23,2018-10-23/2018-10-26,2018-10-26/2018-10-30,2018-10-30/2018-11-06,2018-11-06/2018-11-08,2018-11-09/2018-11-11,2018-11-11/2018-11-20,2018-11-20/2018-11-28,2018-11-28/2018-12-05,2018-12-05/2018-12-18,2018-12-19/2018-12-22,2018-12-22/2019-01-03,2019-01-03/2019-01-16,2019-01-16/2019-01-25,2019-01-25/2019-02-04,2019-02-04/2019-02-12,2019-02-12/2019-02-15,2019-02-15/2019-02-23,2019-02-23/2019-03-08,2019-03-08/2019-03-13,2019-03-14/2019-04-16,2019-04-17/2019-05-01,2019-05-01/2019-05-03,2019-05-03/2019-05-30,2019-05-30/2019-06-04
perlatus,2017-06-08/2017-08-01
pulyaevskiy,2017-06-13/2018-04-03,2018-04-03/2018-05-09
gspencergoog,2017-06-14/2017-06-26,2017-06-26/2017-07-21,2017-07-21/2017-09-11,2017-09-12/2017-09-27,2017-09-27/2017-09-29,2017-09-29/2017-10-02,2017-10-02/2017-10-06,2017-10-06/2017-10-12,2017-10-14/2017-10-19,2017-10-19/2017-10-23,2017-10-24/2017-11-02,2017-11-02/2017-11-09,2017-11-09/2017-11-13,2017-11-13/2017-11-15,2017-11-17/2017-11-29,2017-11-29/2017-12-05,2017-12-06/2017-12-08,2017-12-08/2017-12-12,2017-12-12/2017-12-15,2017-12-16/2017-12-18,2017-12-18/2017-12-20,2017-12-21/2018-01-04,2018-01-04/2018-01-10,2018-01-10/2018-01-30,2018-01-31/2018-02-06,2018-02-07/2018-02-09,2018-02-09/2018-02-12,2018-02-13/2018-02-22,2018-02-22/2018-02-27,2018-02-27/2018-03-01,2018-03-02/2018-03-09,2018-03-10/2018-03-13,2018-03-14/2018-03-19,2018-03-20/2018-03-22,2018-03-23/2018-03-25,2018-03-25/2018-04-03,2018-04-05/2018-04-10,2018-04-10/2018-04-12,2018-04-12/2018-04-16,2018-04-19/2018-04-23,2018-04-23/2018-05-10,2018-05-11/2018-05-14,2018-05-18/2018-05-30,2018-05-30/2018-06-07,2018-06-08/2018-06-11,2018-06-11/2018-06-19,2018-06-19/2018-07-11,2018-07-11/2018-07-14,2018-07-14/2018-07-18,2018-07-18/2018-07-20,2018-07-21/2018-07-23,2018-07-23/2018-07-25,2018-07-25/2018-07-28,2018-07-28/2018-07-30,2018-08-02/2018-08-04,2018-08-04/2018-08-07,2018-08-08/2018-08-12,2018-08-12/2018-08-14,2018-08-15/2018-08-24,2018-08-24/2018-08-28,2018-08-28/2018-08-30,2018-08-30/2018-09-19,2018-09-20/2018-09-25,2018-09-26/2018-10-02,2018-10-02/2018-10-04,2018-10-06/2018-10-08,2018-10-11/2018-10-18,2018-10-19/2018-10-23,2018-10-23/2018-10-26,2018-10-26/2018-10-30,2018-10-30/2018-11-05,2018-11-05/2018-11-07,2018-11-08/2018-11-12,2018-11-15/2018-11-17,2018-11-17/2018-11-28,2018-11-28/2018-12-11,2018-12-11/2018-12-13,2018-12-13/2019-01-10,2019-01-11/2019-01-14,2019-01-14/2019-01-18,2019-01-18/2019-01-25,2019-01-25/2019-01-29,2019-01-29/2019-02-06,2019-02-08/2019-02-13,2019-02-13/2019-02-15,2019-02-15/2019-02-21,2019-02-21/2019-02-26,2019-02-26/2019-02-28,2019-03-01/2019-03-08,2019-03-08/2019-04-10,2019-04-11/2019-04-16,2019-04-16/2019-04-22,2019-04-23/2019-04-25,2019-04-26/2019-04-30,2019-05-01/2019-05-03,2019-05-03/2019-05-08,2019-05-10/2019-05-13,2019-05-18/2019-05-20,2019-05-21/2019-05-24,2019-05-24/2019-05-28,2019-05-28/2019-05-30,2019-05-31/2019-06-04
alanlgardner
filiph,2017-07-12/2018-02-13,2018-02-13/2019-03-18
sivachandra,2017-07-11/2017-07-14,2017-07-14/2018-01-18
B3rn475,2017-07-17/2017-07-19,2017-07-20/2017-08-04,2017-08-04/2017-08-16,2017-08-17/2017-08-21,2017-08-22/2017-08-25,2017-08-25/2017-09-01,2017-09-01/2017-09-12
najeira,2017-07-17/2018-02-15,2018-02-15/2018-02-28,2018-02-28/2018-03-29
shamrin
paolosoares
jwren
alexmarkov,2017-08-08/2017-10-03,2017-10-03/2017-11-09,2017-11-09/2017-11-29,2017-11-29/2017-12-04,2017-12-05/2018-01-03,2018-01-03/2018-01-30,2018-01-30/2018-02-09,2018-02-09/2018-02-13,2018-02-13/2018-03-01,2018-03-01/2018-03-06,2018-03-07/2018-04-09,2018-04-09/2018-05-14,2018-05-14/2018-05-31,2018-06-01/2018-08-08,2018-08-08/2018-09-17,2018-09-17/2018-09-20,2018-09-20/2018-09-28,2018-09-28/2019-03-01
ameiyil
appsforartists
mogol,2017-09-01/2017-09-03
zzzev
jiajiabingcheng
sroddy,2017-09-28/2018-03-08,2018-03-08/2018-11-01
Alexays,2017-10-02/2017-11-22
roughike
amirh,2017-10-10/2017-10-12,2017-10-13/2017-10-17,2017-10-17/2017-10-19,2017-10-20/2017-10-23,2017-10-23/2017-10-25,2017-10-25/2017-11-01,2017-11-01/2017-11-03,2017-11-03/2017-11-06,2017-11-06/2017-11-08,2017-11-08/2017-11-10,2017-11-10/2017-11-16,2017-11-17/2017-11-22,2017-11-22/2017-11-29,2017-11-30/2017-12-14,2017-12-15/2017-12-21,2017-12-22/2018-01-04,2018-01-05/2018-01-09,2018-01-09/2018-01-12,2018-01-12/2018-01-27,2018-01-27/2018-01-29,2018-02-02/2018-02-05,2018-02-07/2018-02-13,2018-02-14/2018-02-21,2018-02-24/2018-02-26,2018-02-26/2018-02-28,2018-02-28/2018-06-06,2018-06-06/2018-06-21,2018-06-21/2018-07-14,2018-07-14/2018-07-18,2018-07-20/2018-07-25,2018-07-28/2018-08-02,2018-08-02/2018-08-07,2018-08-09/2018-08-20,2018-08-20/2018-08-22,2018-08-25/2018-08-27,2018-08-28/2018-08-31,2018-08-31/2018-09-05,2018-09-06/2018-10-16,2018-10-16/2018-10-31,2018-11-01/2018-11-08,2018-11-10/2018-12-21,2018-12-21/2018-12-27,2018-12-28/2019-01-04,2019-01-04/2019-01-15,2019-01-15/2019-03-04,2019-03-04/2019-03-20,2019-03-22/2019-03-26,2019-03-26/2019-04-02,2019-04-02/2019-05-15,2019-05-15/2019-06-06
notjulian
slavchev
robertoscaramuzzi,2017-10-19/2017-11-01,2017-11-01/2018-04-09
jwmcglynn,2017-10-25/2017-11-14
5u3it
rock3r,2017-11-07/2018-01-11
ulfsauer0815
mjohnsullivan,2017-11-14/2017-11-29,2017-11-29/2017-12-09,2017-12-09/2018-02-16,2018-02-16/2018-07-16,2018-07-16/2018-07-18,2018-07-18/2019-02-20
mkustermann,2017-11-22/2017-12-05,2017-12-05/2017-12-15,2017-12-15/2018-01-27,2018-01-27/2018-04-05,2018-04-05/2018-06-04,2018-06-04/2018-08-15,2018-08-15/2019-02-15
levrik
sigurdm,2017-11-22/2017-12-01,2017-12-01/2017-12-05,2017-12-05/2018-02-13,2018-02-13/2018-05-31,2018-05-31/2018-06-12,2018-06-12/2018-06-28,2018-06-28/2018-07-09,2018-07-09/2018-07-16,2018-07-16/2018-07-19
passsy
leobispo
a-siva,2017-11-30/2018-01-04,2018-01-04/2018-01-24,2018-01-24/2018-01-31,2018-02-01/2018-02-08,2018-02-08/2018-02-13,2018-02-13/2018-02-15,2018-02-16/2018-02-28,2018-02-28/2018-03-02,2018-03-02/2018-03-07,2018-03-07/2018-03-12,2018-03-12/2018-03-15,2018-03-16/2018-03-20,2018-03-20/2018-03-27,2018-03-27/2018-04-04,2018-04-05/2018-04-12,2018-04-12/2018-04-16,2018-04-16/2018-05-21,2018-05-21/2018-08-01,2018-08-01/2018-08-08,2018-08-09/2018-08-22,2018-08-22/2018-09-13,2018-09-13/2018-09-27,2018-09-28/2018-10-19,2018-10-19/2018-11-14,2018-11-14/2019-01-03,2019-01-03/2019-01-30,2019-01-30/2019-04-11
mraleph,2017-11-30/2018-01-13,2018-01-13/2018-01-15,2018-01-16/2018-01-26,2018-01-26/2018-01-31,2018-01-31/2018-02-08,2018-02-09/2018-02-12,2018-02-13/2018-02-15,2018-02-16/2018-02-23,2018-02-23/2018-03-15,2018-03-16/2018-03-20,2018-03-20/2018-05-02,2018-05-02/2018-05-07,2018-05-07/2018-05-14,2018-05-14/2019-01-16,2019-01-16/2019-04-03
bkonyi,2017-12-06/2017-12-08,2017-12-08/2018-01-09,2018-01-09/2018-05-31,2018-05-31/2018-06-13,2018-06-13/2018-07-30,2018-07-30/2018-09-07,2018-09-08/2018-10-24,2018-10-24/2018-10-30,2018-10-30/2019-01-09,2019-01-09/2019-03-20,2019-03-20/2019-04-11,2019-04-11/2019-04-19,2019-04-19/2019-05-29,2019-05-29/2019-06-08,2019-06-08/2019-06-11
athomas
fredriks
crelier,2017-12-14/2018-05-30,2018-05-30/2018-08-06,2018-08-06/2018-09-14
alanrussian,2017-12-19/2018-08-30
ErikCorryGoogle
xqwzts,2017-12-20/2018-02-20,2018-02-21/2018-02-27,2018-02-27/2018-03-19,2018-03-19/2018-04-02,2018-04-02/2018-04-09,2018-04-09/2018-05-19,2018-05-19/2018-05-30
leafpetersen,2017-12-21/2018-01-02,2018-01-02/2018-01-10,2018-01-11/2018-07-10,2018-07-10/2018-07-20,2018-07-20/2018-07-26
kangwang1988,2017-12-27/2019-01-03,2019-01-03/2019-01-09,2019-01-09/2019-01-30,2019-01-30/2019-02-05,2019-02-07/2019-02-12,2019-02-15/2019-02-26
alibitek,2018-01-04/2018-01-19
mwarger
braulio94
VolodymyrLykhonis,2018-01-05/2018-02-05,2018-02-05/2019-02-21
brianegan
srawlins,2018-01-13/2018-01-19,2018-01-19/2018-01-23,2018-01-23/2018-03-24,2018-03-24/2018-04-09,2018-04-09/2018-05-11,2018-05-11/2018-05-16,2018-05-16/2018-05-31,2018-05-31/2018-06-21,2018-06-21/2019-04-10,2019-04-10/2019-04-16,2019-04-16/2019-05-09,2019-05-09/2019-05-20
anaisbetts
jayjun
tlarsen7572
theankurkedia
jensjoha,2018-01-31/2018-09-04,2018-09-04/2018-10-02
MichaelRFairhurst,2018-02-01/2018-08-06
DanTup,2018-02-08/2018-02-19,2018-02-19/2018-02-28,2018-03-01/2018-03-12,2018-03-12/2018-04-18,2018-04-19/2018-05-01,2018-05-01/2018-05-03,2018-05-03/2018-05-07,2018-05-07/2018-05-09,2018-05-09/2018-05-22,2018-05-22/2018-05-28,2018-05-30/2018-06-01,2018-06-01/2018-06-04,2018-06-06/2018-06-12,2018-06-15/2018-06-18,2018-06-18/2018-06-27,2018-06-29/2018-07-03,2018-07-03/2018-07-05,2018-07-05/2018-07-09,2018-07-12/2018-07-19,2018-07-19/2018-07-23,2018-07-25/2018-07-31,2018-08-02/2018-08-21,2018-08-23/2018-08-27,2018-08-29/2018-09-04,2018-09-06/2018-09-18,2018-09-19/2018-10-02,2018-10-03/2018-10-05,2018-10-05/2018-10-10,2018-10-10/2018-10-19,2018-10-19/2018-10-24,2018-10-24/2018-10-30,2018-10-30/2018-11-05,2018-11-05/2018-11-08,2018-11-08/2018-11-19,2018-11-19/2018-12-11,2018-12-12/2018-12-17,2018-12-18/2019-01-08,2019-01-10/2019-01-14,2019-01-15/2019-01-17,2019-01-17/2019-01-28,2019-01-28/2019-02-05,2019-02-05/2019-02-11,2019-02-11/2019-03-02,2019-03-02/2019-03-12,2019-03-12/2019-03-25,2019-03-25/2019-04-22,2019-04-22/2019-04-26,2019-04-26/2019-05-13,2019-05-13/2019-06-07,2019-06-07/2019-06-19
cyngus84
DaveShuckerow,2018-02-14/2018-02-22,2018-02-22/2018-02-26,2018-02-26/2018-03-16,2018-03-16/2018-04-04,2018-04-06/2018-04-11,2018-04-11/2018-05-15,2018-05-15/2018-06-22,2018-06-22/2018-07-27,2018-07-27/2018-07-30,2018-07-30/2018-08-07,2018-08-07/2018-08-20,2018-08-20/2018-08-28,2018-08-28/2018-12-12,2018-12-14/2019-01-17
jonahwilliams,2018-03-05/2018-03-07,2018-03-09/2018-03-13,2018-03-14/2018-03-17,2018-03-17/2018-03-19,2018-03-22/2018-03-24,2018-03-24/2018-03-29,2018-03-30/2018-04-02,2018-04-02/2018-04-04,2018-04-04/2018-04-06,2018-04-06/2018-04-10,2018-04-10/2018-04-16,2018-04-16/2018-04-19,2018-04-20/2018-04-27,2018-04-28/2018-05-03,2018-05-03/2018-05-08,2018-05-08/2018-05-10,2018-05-10/2018-05-12,2018-05-12/2018-05-16,2018-05-16/2018-05-26,2018-05-26/2018-05-30,2018-05-31/2018-06-07,2018-06-08/2018-06-12,2018-06-12/2018-06-15,2018-06-16/2018-06-20,2018-06-20/2018-06-22,2018-06-22/2018-06-27,2018-06-27/2018-07-03,2018-07-03/2018-07-09,2018-07-10/2018-07-13,2018-07-14/2018-07-19,2018-07-21/2018-07-23,2018-07-27/2018-07-30,2018-08-04/2018-08-06,2018-08-09/2018-08-11,2018-08-11/2018-08-13,2018-08-15/2018-08-17,2018-08-17/2018-08-22,2018-08-23/2018-08-28,2018-08-31/2018-09-04,2018-09-07/2018-09-11,2018-09-13/2018-09-18,2018-09-19/2018-09-26,2018-09-26/2018-10-01,2018-10-01/2018-10-03,2018-10-04/2018-10-06,2018-10-06/2018-10-09,2018-10-09/2018-10-11,2018-10-11/2018-10-16,2018-10-16/2018-10-22,2018-10-22/2018-10-24,2018-10-25/2018-11-01,2018-11-02/2018-11-06,2018-11-09/2018-11-11,2018-11-11/2018-11-13,2018-11-13/2018-11-15,2018-11-15/2018-11-19,2018-11-20/2018-12-01,2018-12-01/2018-12-10,2018-12-12/2018-12-14,2018-12-15/2019-01-03,2019-01-03/2019-01-07,2019-01-10/2019-01-15,2019-01-15/2019-01-17,2019-01-18/2019-01-22,2019-01-26/2019-01-29,2019-01-30/2019-02-01,2019-02-01/2019-02-05,2019-02-06/2019-02-08,2019-02-09/2019-02-11,2019-02-15/2019-02-20,2019-02-21/2019-02-23,2019-02-23/2019-02-26,2019-02-27/2019-03-01,2019-03-02/2019-03-06,2019-03-09/2019-03-13,2019-03-16/2019-03-18,2019-03-21/2019-03-23,2019-03-23/2019-03-25,2019-03-30/2019-04-08,2019-04-11/2019-04-13,2019-04-13/2019-04-15,2019-04-19/2019-04-22,2019-04-26/2019-04-29,2019-05-03/2019-05-06,2019-05-07/2019-05-09,2019-05-11/2019-05-22,2019-05-22/2019-05-24,2019-05-24/2019-05-26,2019-05-26/2019-05-28,2019-06-01/2019-06-03,2019-06-11/2019-06-13,2019-06-15/2019-06-17
keertip,2018-03-06/2018-03-15,2018-03-15/2018-06-05,2018-06-05/2018-06-12,2018-06-12/2018-08-09,2018-08-09/2019-04-22,2019-04-23/2019-04-30,2019-04-30/2019-06-14
jsoref
shrike69,2018-03-07/2018-07-11,2018-07-11/2018-09-28
cdock1029
maszhin
nrebhun
matanlurey
vilkh3m
Fedorsturov
thekeenant
awdavies,2018-03-23/2018-04-27,2018-04-27/2018-05-02,2018-05-03/2018-05-18,2018-05-18/2018-05-22,2018-05-22/2018-06-13,2018-06-13/2018-06-20,2018-06-20/2018-06-22,2018-06-22/2018-07-02,2018-07-02/2018-08-15,2018-08-15/2018-09-24,2018-09-24/2018-09-28,2018-09-28/2018-10-05,2018-10-05/2018-10-08,2018-10-08/2018-10-10,2018-10-10/2018-10-29,2018-10-29/2019-01-09,2019-01-09/2019-01-22,2019-01-22/2019-02-06
sbaranov,2018-03-26/2018-03-28,2018-03-28/2018-06-06,2018-06-06/2018-06-09,2018-06-09/2018-06-15,2018-06-15/2018-07-30,2018-07-30/2018-08-15,2018-08-16/2018-09-20,2018-09-20/2018-09-28,2018-09-28/2018-10-09,2018-10-09/2018-10-18,2018-10-18/2018-10-20,2018-10-20/2018-10-26,2018-10-26/2018-11-05,2018-11-05/2018-11-09,2018-11-09/2018-11-14,2018-11-14/2018-12-15,2018-12-15/2018-12-18,2018-12-21/2018-12-27,2018-12-27/2019-01-04,2019-01-04/2019-01-07,2019-01-07/2019-01-10,2019-01-11/2019-01-17,2019-01-17/2019-02-09,2019-02-09/2019-02-12,2019-02-12/2019-02-16,2019-02-16/2019-02-22,2019-02-23/2019-04-22
the4thfloor,2018-03-29/2018-05-30,2018-05-30/2018-07-09
OhadRau
frunkad
ztplz
lwoerdeman
filleduchaos
blasten,2018-04-23/2018-05-25,2018-05-25/2019-05-01,2019-05-01/2019-05-06,2019-05-06/2019-05-20,2019-05-20/2019-05-22,2019-05-22/2019-05-24,2019-05-24/2019-05-28,2019-05-28/2019-05-30,2019-05-30/2019-06-09,2019-06-11/2019-06-13,2019-06-13/2019-06-17
debuggerx01
xuexin
josephmr
ajsecord
fkorotkov,2018-05-01/2018-05-03,2018-05-03/2018-06-06,2018-06-06/2018-08-02,2018-08-02/2018-11-16,2018-11-16/2019-03-12,2019-03-12/2019-03-20,2019-03-20/2019-05-23
peteretelej
liyuqian,2018-05-15/2018-05-30,2018-05-30/2018-06-15,2018-06-15/2018-06-21,2018-06-22/2018-06-25,2018-06-25/2018-06-28,2018-06-28/2018-07-02,2018-07-02/2018-07-10,2018-07-10/2018-07-24,2018-07-24/2018-07-27,2018-07-28/2018-08-02,2018-08-03/2018-08-06,2018-08-10/2018-08-20,2018-08-22/2018-08-24,2018-08-24/2018-08-27,2018-08-27/2018-08-31,2018-08-31/2018-09-06,2018-09-06/2018-09-13,2018-09-14/2018-09-26,2018-09-28/2018-10-01,2018-10-01/2018-10-08,2018-10-09/2018-10-12,2018-10-12/2018-10-16,2018-10-16/2018-10-18,2018-10-18/2018-10-25,2018-10-25/2018-10-27,2018-10-27/2018-11-02,2018-11-02/2018-11-07,2018-11-08/2018-11-14,2018-11-14/2018-11-20,2018-11-20/2018-12-10,2018-12-10/2018-12-17,2018-12-19/2019-01-05,2019-01-05/2019-01-11,2019-01-11/2019-02-01,2019-02-01/2019-02-05,2019-02-05/2019-02-16,2019-02-16/2019-02-22,2019-02-23/2019-02-25,2019-02-25/2019-02-27,2019-03-01/2019-03-07,2019-03-08/2019-03-12,2019-03-12/2019-03-15,2019-03-16/2019-03-19,2019-03-19/2019-03-26,2019-03-27/2019-03-29,2019-03-29/2019-04-03,2019-04-03/2019-04-09,2019-04-11/2019-04-15,2019-04-15/2019-04-22,2019-04-24/2019-04-29,2019-04-30/2019-05-09,2019-05-10/2019-05-13,2019-05-13/2019-05-23,2019-05-23/2019-06-06
dnfield,2018-05-17/2018-05-31,2018-05-31/2018-06-10,2018-06-10/2018-06-12,2018-06-12/2018-06-21,2018-06-21/2018-09-11,2018-09-11/2018-09-25,2018-09-25/2018-09-28,2018-09-28/2018-10-02,2018-10-02/2018-10-04,2018-10-04/2018-10-16,2018-10-16/2018-10-19,2018-10-19/2018-10-22,2018-10-22/2018-10-24,2018-10-25/2018-10-29,2018-10-31/2018-11-02,2018-11-03/2018-11-05,2018-11-05/2018-11-07,2018-11-10/2018-11-15,2018-11-16/2018-11-20,2018-11-21/2018-11-29,2018-11-29/2018-12-17,2018-12-17/2018-12-20,2018-12-20/2019-01-09,2019-01-11/2019-01-15,2019-01-19/2019-01-22,2019-01-25/2019-01-27,2019-01-28/2019-02-06,2019-02-06/2019-02-12,2019-02-13/2019-02-16,2019-02-16/2019-02-20,2019-02-23/2019-02-27,2019-02-27/2019-03-01,2019-03-01/2019-03-06,2019-03-10/2019-03-12,2019-03-15/2019-03-18,2019-03-19/2019-03-21,2019-03-22/2019-03-26,2019-03-26/2019-03-29,2019-03-29/2019-04-03,2019-04-03/2019-04-07,2019-04-07/2019-04-10,2019-04-11/2019-04-15,2019-04-15/2019-04-22,2019-04-22/2019-04-25,2019-04-26/2019-04-29,2019-05-02/2019-05-10,2019-05-10/2019-05-14,2019-05-14/2019-05-30,2019-05-31/2019-06-03,2019-06-03/2019-06-07,2019-06-07/2019-06-13,2019-06-15/2019-06-18
NDrong
dcaraujo0872
fmatosqg,2018-05-21/2018-05-26
slightfoot
ng1905
TimNN
matthew-carroll,2018-06-01/2018-06-05,2018-06-05/2018-06-07,2018-06-07/2018-06-19,2018-06-21/2018-07-02,2018-07-02/2018-07-04,2018-07-04/2018-07-19,2018-07-19/2018-07-24,2018-07-24/2018-08-15,2018-08-15/2018-08-17,2018-08-17/2018-09-19,2018-09-19/2018-10-08,2018-10-08/2018-10-12,2018-10-12/2019-01-09,2019-01-09/2019-02-05,2019-02-05/2019-02-07
thphuc,2018-06-04/2018-10-01
alan-knight
edman,2018-06-06/2018-06-11,2018-06-11/2019-03-15
clocksmith,2018-06-06/2018-08-09,2018-08-09/2019-02-01,2019-02-01/2019-02-06,2019-02-06/2019-02-11,2019-02-11/2019-02-15,2019-02-15/2019-02-26,2019-02-26/2019-03-01,2019-03-01/2019-03-15,2019-03-15/2019-03-20,2019-03-20/2019-04-18,2019-04-18/2019-04-24,2019-04-24/2019-06-06,2019-06-06/2019-06-10,2019-06-10/2019-06-15
willlarche,2018-06-09/2018-08-22,2018-08-22/2018-09-04,2018-09-04/2018-09-10,2018-09-10/2019-01-17,2019-01-17/2019-01-24,2019-01-24/2019-02-24
nataliesampsell,2018-06-20/2018-07-10,2018-07-10/2018-07-31,2018-08-01/2018-08-07,2018-08-10/2018-08-15
sandrasandeep,2018-06-25/2018-07-03,2018-07-03/2018-07-23,2018-07-23/2018-08-06
sjindel-google,2018-06-29/2018-11-04,2018-11-04/2019-01-22,2019-01-22/2019-01-30,2019-01-30/2019-03-13,2019-03-13/2019-04-25,2019-04-25/2019-06-06
mfiels
gnprice
melongbob
abykov2,2018-07-06/2019-01-17
garymm,2018-07-09/2018-07-13,2018-07-13/2018-07-23
stuartmorgan,2018-07-09/2019-02-25,2019-02-25/2019-03-11,2019-03-11/2019-04-19,2019-04-19/2019-05-09,2019-05-09/2019-05-12,2019-05-12/2019-05-14,2019-05-16/2019-05-22,2019-05-22/2019-05-24,2019-05-25/2019-05-29,2019-05-31/2019-06-06,2019-06-06/2019-06-18
jslavitz,2018-07-11/2018-07-20,2018-07-20/2018-07-25,2018-07-25/2018-08-01,2018-08-01/2018-08-24,2018-08-24/2018-09-06,2018-09-07/2018-09-10,2018-09-10/2018-09-27,2018-09-28/2018-10-01,2018-10-01/2018-10-03,2018-10-05/2018-10-08,2018-10-09/2018-10-11,2018-10-11/2018-10-16,2018-10-16/2018-10-25,2018-10-25/2018-10-30,2018-11-03/2018-11-06,2018-11-09/2018-11-12,2018-11-12/2018-11-16,2018-11-17/2018-11-19,2018-11-19/2018-12-10,2018-12-10/2018-12-14,2018-12-14/2018-12-20,2018-12-20/2019-01-07,2019-01-09/2019-01-14,2019-01-14/2019-01-18,2019-01-18/2019-01-22,2019-01-22/2019-01-29,2019-01-29/2019-02-13,2019-02-13/2019-02-15,2019-02-15/2019-02-21,2019-02-21/2019-02-25
doxuanviet1996,2018-07-18/2018-08-13,2018-08-13/2018-08-23,2018-08-23/2018-08-27,2018-08-27/2018-09-02,2018-09-02/2018-09-29
tianlunlee,2018-07-19/2018-08-17,2018-08-17/2018-09-06,2018-09-06/2018-11-09
eyallen
Norbert515
lukaspili
moznion
jaggernod
Rahiche,2018-07-25/2019-02-12
creativecreatorormaybenot,2018-07-27/2018-08-13,2018-08-13/2018-09-07,2018-09-07/2018-09-24,2018-09-24/2018-10-10
jnschulze
sir-boformer,2018-07-31/2018-08-22,2018-08-22/2018-09-06,2018-09-06/2018-09-18
aartbik,2018-08-02/2018-09-25,2018-09-25/2018-10-19
christian-muertz
matteocrippa,2018-08-04/2018-09-05
hterkelsen,2018-08-09/2019-05-28
engine-flutter-autoroll,2018-08-10/2018-08-16,2018-08-16/2018-08-19,2018-08-21/2018-08-23,2018-08-24/2018-08-26,2018-08-26/2018-08-28,2018-08-31/2018-09-02,2018-09-03/2018-09-06,2018-09-06/2018-09-09,2018-09-10/2018-09-12,2018-09-14/2018-09-16,2018-09-18/2018-09-22,2018-09-22/2018-09-24,2018-09-24/2018-09-28,2018-09-28/2018-10-02,2018-10-05/2018-10-08,2018-10-12/2018-10-16,2018-10-20/2018-10-23,2018-10-23/2018-10-25,2018-11-02/2018-11-06,2018-11-10/2018-11-12,2018-11-17/2018-11-19,2018-11-21/2018-11-25,2018-11-28/2018-11-30,2018-11-30/2018-12-12,2018-12-14/2018-12-16,2018-12-21/2018-12-24,2018-12-24/2018-12-26,2018-12-26/2018-12-28,2018-12-29/2019-01-01,2019-01-05/2019-01-07,2019-01-07/2019-01-12,2019-01-12/2019-01-14,2019-01-14/2019-01-16,2019-01-17/2019-01-19,2019-01-19/2019-01-21,2019-01-26/2019-01-30,2019-01-31/2019-02-04,2019-02-09/2019-02-11,2019-02-12/2019-02-14,2019-02-14/2019-02-16,2019-02-16/2019-02-22,2019-02-26/2019-02-28,2019-03-04/2019-03-06,2019-03-06/2019-03-08,2019-03-13/2019-03-15,2019-04-07/2019-04-09,2019-04-10/2019-04-12,2019-04-12/2019-04-15,2019-04-18/2019-04-22,2019-04-23/2019-04-25,2019-05-04/2019-05-06,2019-05-22/2019-05-30
leoylung,2018-08-14/2018-08-21
cmyr
lfkdsk
ebeem
sfshaza2
SPodjasek
johnsonmh,2018-08-30/2018-09-25,2018-09-27/2018-10-05,2018-10-05/2018-10-08,2018-10-08/2018-10-26,2018-10-26/2018-10-30,2018-10-31/2018-12-13,2018-12-13/2018-12-19,2018-12-19/2019-01-10,2019-01-10/2019-01-16,2019-01-16/2019-01-18,2019-01-18/2019-04-11,2019-04-11/2019-04-20,2019-04-20/2019-04-29,2019-04-29/2019-05-02,2019-05-02/2019-05-15,2019-05-15/2019-06-05
SevereCloud
MarcinusX
tonyzhao1,2018-09-05/2018-09-19,2018-09-19/2018-10-05,2018-10-05/2018-12-19,2018-12-19/2019-01-15,2019-01-15/2019-01-25
CaiJingLong
mklim,2018-09-07/2018-09-10,2018-09-10/2018-09-19,2018-09-19/2018-09-24,2018-09-24/2018-09-26,2018-09-26/2018-10-15,2018-10-15/2018-10-17,2018-10-18/2018-10-22,2018-10-24/2018-11-01,2018-11-01/2018-11-13,2018-11-13/2019-01-10,2019-01-10/2019-02-08,2019-02-08/2019-05-06
timsneath,2018-09-08/2018-11-02,2018-11-02/2018-11-28,2018-11-28/2019-01-09,2019-01-09/2019-04-05,2019-04-05/2019-04-09
cbenhagen
joaoatgoogle
renancaraujo
NikoYuwono
kwalrath,2018-09-20/2018-09-25
mravn
jamesderlin,2018-09-27/2018-11-14,2018-11-14/2019-04-29,2019-04-29/2019-05-02
oysteinkn
kwmt
drkhannah
peterzagoranski
mockturtl
rkowase
NPKompleet,2018-10-04/2018-10-10,2018-10-10/2018-10-16
dahabit
gamebox
jorgecoca
ened,2018-09-18/2018-10-17
artrmz
mdebbar,2018-10-15/2019-03-01,2019-03-01/2019-03-15,2019-03-15/2019-03-21,2019-03-22/2019-05-14
escamoteur
MaxBittker
franciscojma86,2018-10-16/2019-03-18,2019-03-18/2019-03-28
luanpotter
devkabiir
namanix
mrmitew
staadecker,2018-10-25/2019-02-08
NurlashKO
vyaspranjal33
fhuonder,2018-11-05/2019-01-07
mattijsf
justinmc,2018-11-13/2018-11-15,2018-11-16/2018-12-11,2018-12-13/2018-12-17,2018-12-18/2018-12-20,2018-12-20/2018-12-26,2018-12-26/2019-01-14,2019-01-14/2019-01-16,2019-01-16/2019-03-08,2019-03-08/2019-03-15,2019-03-15/2019-03-27,2019-03-27/2019-04-04,2019-04-05/2019-04-10,2019-04-11/2019-04-15,2019-04-15/2019-04-22,2019-04-23/2019-04-25,2019-04-25/2019-05-02,2019-05-03/2019-05-17,2019-05-17/2019-05-23,2019-05-23/2019-05-30,2019-05-30/2019-06-04,2019-06-04/2019-06-10,2019-06-10/2019-06-19
bwilkerson,2018-11-14/2019-03-15,2019-03-15/2019-03-19
sjmcdowall,2018-11-15/2018-12-14
diegotori
imWildCat
noordawod
victorflorintsev
chalin,2018-12-10/2019-01-24
stereotype441,2018-12-10/2019-03-11,2019-03-11/2019-05-23
jimmycasey
trevorwang
JaspervanRiet
pranayairan
jmolins
truongsinh,2019-01-03/2019-02-12,2019-02-12/2019-03-06
kenzieschmoll,2019-01-03/2019-01-16
marcoms,2019-01-09/2019-02-06,2019-02-06/2019-02-13,2019-02-13/2019-03-20
jxltom
seanfreiburg
kongshanshan33
Salby
lesnitsky
JonathanWilbur
Igor1201
westy92
rami-a,2019-01-16/2019-01-18,2019-01-18/2019-01-22,2019-01-22/2019-01-30,2019-01-30/2019-02-01,2019-02-01/2019-02-12,2019-02-12/2019-02-22,2019-02-22/2019-02-25,2019-02-25/2019-03-14,2019-03-14/2019-03-27,2019-03-27/2019-04-08,2019-04-08/2019-04-24,2019-04-24/2019-05-01
KyrelJerome
skycomposter
gazialankus
rrousselGit,2019-01-17/2019-01-29
mcplectrum
kpozin
liamappelbe,2019-01-18/2019-01-24
Kartik1607,2019-01-22/2019-02-08,2019-02-08/2019-02-13
EwoutH
flschweiger
jimshepherd
akindone
msal4
jonnyandrew
rhcarvalho
H3r3zy
MhdHejazi
lext-7
spkersten,2019-02-04/2019-02-20,2019-02-20/2019-02-26,2019-02-26/2019-04-29
aryzhov
Piinks,2019-02-11/2019-02-15,2019-02-15/2019-02-27,2019-02-27/2019-03-01,2019-03-01/2019-03-04,2019-03-04/2019-03-07,2019-03-07/2019-03-11,2019-03-12/2019-03-15,2019-03-15/2019-03-26,2019-03-27/2019-04-02,2019-04-02/2019-04-04,2019-04-04/2019-04-16,2019-04-16/2019-04-18,2019-04-19/2019-04-24,2019-04-25/2019-05-02,2019-05-02/2019-05-10,2019-05-10/2019-05-14,2019-05-14/2019-05-28,2019-05-28/2019-06-03,2019-06-06/2019-06-10,2019-06-10/2019-06-14,2019-06-14/2019-06-18
vanelizarov
SnakeyHips
timtraversy
iskakaushik,2019-02-20/2019-06-04
p30arena
mikeroosa
sstrickl,2019-02-21/2019-02-26
kf6gpe
ocavue,2019-02-22/2019-03-01
sbrocket
RDIL,2019-02-25/2019-03-06
brandonrodriguez
tje3d
shivamvk
jayoung-lee
dkwingsmt,2019-03-01/2019-03-06,2019-03-06/2019-04-01,2019-04-01/2019-04-04,2019-04-05/2019-04-10,2019-04-10/2019-04-22,2019-04-22/2019-04-29,2019-04-30/2019-05-03,2019-05-03/2019-05-15,2019-05-15/2019-05-20,2019-05-20/2019-05-30,2019-05-31/2019-06-03
joshuaseaton
ivk1800
TerjeLon
Matsue
awazgyawali
seendsouza
guojiex,2019-03-12/2019-06-11
shihaohong,2019-03-15/2019-03-19,2019-03-20/2019-03-28,2019-03-30/2019-04-02,2019-04-02/2019-04-04,2019-04-04/2019-04-09,2019-04-10/2019-04-24,2019-04-24/2019-04-26,2019-04-27/2019-04-29,2019-04-29/2019-05-01,2019-05-01/2019-05-04,2019-05-04/2019-05-07,2019-05-07/2019-05-13,2019-05-13/2019-05-17,2019-05-17/2019-05-21,2019-05-21/2019-05-24,2019-05-24/2019-06-03,2019-06-03/2019-06-08,2019-06-08/2019-06-10,2019-06-10/2019-06-19
esarbanis,2019-03-15/2019-04-18,2019-04-18/2019-05-03,2019-05-03/2019-05-10,2019-05-10/2019-05-14,2019-05-14/2019-05-20
mleonhard
wenz
i-schuetz
priitlatt
chingjun,2019-03-20/2019-04-08
christopherfujino,2019-03-21/2019-03-28,2019-03-28/2019-04-03,2019-04-03/2019-04-15,2019-04-15/2019-04-19,2019-04-19/2019-05-21,2019-05-21/2019-06-07
shaynekellyii
rubensdemelo,2019-03-21/2019-06-06
rkinabhi
knezzz
hyjfine
LongCatIsLooong,2019-03-27/2019-04-02,2019-04-02/2019-04-05,2019-04-05/2019-04-11,2019-04-11/2019-04-26,2019-04-26/2019-05-02,2019-05-02/2019-05-04,2019-05-04/2019-05-17,2019-05-17/2019-05-29,2019-05-29/2019-06-06,2019-06-06/2019-06-11,2019-06-11/2019-06-13,2019-06-14/2019-06-19
cyanglaz
Nizarius
dacaiguoguogmail
legalcodes
michdud
rmtmckenzie
whhone
chunhtai,2019-04-05/2019-04-11,2019-04-11/2019-04-18,2019-04-18/2019-04-22,2019-04-23/2019-04-26,2019-04-26/2019-04-30,2019-04-30/2019-05-02,2019-05-03/2019-05-07,2019-05-07/2019-05-16,2019-05-16/2019-05-30,2019-05-30/2019-06-03,2019-06-03/2019-06-10,2019-06-10/2019-06-12,2019-06-12/2019-06-18
Taym95
shali3
champeauxr
efortuna
arbreng
Robiquet,2019-04-16/2019-04-24
rostopira
darrenaustin,2019-04-25/2019-05-06,2019-05-06/2019-05-14,2019-05-15/2019-05-17,2019-05-17/2019-05-21,2019-05-21/2019-05-29
kpsroka,2019-04-27/2019-06-05
kentcb
apaatsio,2019-04-29/2019-05-06
DmitriyZaitsev
vmaraccini
diegoveloper
sortie
furkantektas
sensuikan1973
simolus3
mtiziano
jiisd
matthewlloyd
riccardoratta
LorenzNickel
mcrovero
luizdubas
athornz,2019-06-01/2019-06-07,2019-06-07/2019-06-16
brandon-irl
SimonIT
a-deeb
jmagman,2019-06-04/2019-06-10,2019-06-10/2019-06-12,2019-06-12/2019-06-18
Nash0x7E2
vanlooverenkoen
HaijunWei
jim-flar
