id,date,event,creator_login
679163063,2016-06-01 23:44:36,subscribed,zkat
543509209,2016-02-08 21:10:15,labeled,zkat
544929070,2016-02-09 21:05:22,mentioned,zkat
544929071,2016-02-09 21:05:22,subscribed,zkat
635270074,2016-04-20 22:19:02,mentioned,zkat
635270075,2016-04-20 22:19:02,subscribed,zkat
522079874,2016-01-21 19:17:19,referenced,zkat
522091270,2016-01-21 19:26:45,referenced,zkat
522095105,2016-01-21 19:30:21,referenced,zkat
522168864,2016-01-21 20:38:54,referenced,zkat
523461250,2016-01-22 21:34:38,referenced,zkat
523464352,2016-01-22 21:37:22,referenced,zkat
523464354,2016-01-22 21:37:22,closed,zkat
508701812,2016-01-07 20:39:16,mentioned,zkat
508701813,2016-01-07 20:39:16,subscribed,zkat
490012852,2015-12-12 06:02:07,labeled,zkat
490012875,2015-12-12 06:02:07,mentioned,zkat
490012876,2015-12-12 06:02:07,subscribed,zkat
490012882,2015-12-12 06:02:07,subscribed,zkat
490012547,2015-12-12 05:59:19,labeled,zkat
496289183,2015-12-18 21:54:01,mentioned,zkat
496289184,2015-12-18 21:54:01,subscribed,zkat
471434492,2015-11-22 10:02:51,mentioned,zkat
471434493,2015-11-22 10:02:51,subscribed,zkat
470712097,2015-11-20 18:42:06,labeled,zkat
468195411,2015-11-18 17:17:20,mentioned,zkat
468195412,2015-11-18 17:17:20,subscribed,zkat
468223051,2015-11-18 17:40:33,mentioned,zkat
468223052,2015-11-18 17:40:33,subscribed,zkat
467498072,2015-11-18 03:05:20,labeled,zkat
467494963,2015-11-18 02:59:55,labeled,zkat
467492699,2015-11-18 02:56:35,labeled,zkat
490012367,2015-12-12 05:57:25,unlabeled,zkat
490116965,2015-12-12 15:07:48,mentioned,zkat
490116966,2015-12-12 15:07:48,subscribed,zkat
467490551,2015-11-18 02:54:04,labeled,zkat
490012195,2015-12-12 05:55:49,unlabeled,zkat
467487929,2015-11-18 02:51:40,labeled,zkat
467485639,2015-11-18 02:49:37,labeled,zkat
467483105,2015-11-18 02:46:52,labeled,zkat
490011663,2015-12-12 05:52:27,closed,zkat
467476201,2015-11-18 02:37:24,mentioned,zkat
467476202,2015-11-18 02:37:24,subscribed,zkat
467476707,2015-11-18 02:38:33,labeled,zkat
467494941,2015-11-18 02:59:52,mentioned,zkat
467494942,2015-11-18 02:59:52,subscribed,zkat
467512055,2015-11-18 03:30:55,subscribed,zkat
467873559,2015-11-18 12:28:39,renamed,zkat
473537648,2015-11-24 17:05:02,closed,zkat
466892163,2015-11-17 16:33:25,mentioned,zkat
466892164,2015-11-17 16:33:25,subscribed,zkat
467477033,2015-11-18 02:39:11,labeled,zkat
467048407,2015-11-17 18:45:16,closed,zkat
468187814,2015-11-18 17:10:59,mentioned,zkat
468187815,2015-11-18 17:10:59,subscribed,zkat
473524414,2015-11-24 16:54:55,subscribed,zkat
464665841,2015-11-15 00:58:31,mentioned,zkat
464665842,2015-11-15 00:58:31,subscribed,zkat
464668339,2015-11-15 01:22:44,mentioned,zkat
464668340,2015-11-15 01:22:44,subscribed,zkat
464677254,2015-11-15 02:35:16,mentioned,zkat
464677255,2015-11-15 02:35:16,subscribed,zkat
464677317,2015-11-15 02:35:41,mentioned,zkat
464677318,2015-11-15 02:35:41,subscribed,zkat
466762893,2015-11-17 14:54:09,mentioned,zkat
466762896,2015-11-17 14:54:09,subscribed,zkat
467379110,2015-11-18 00:09:17,renamed,zkat
467511196,2015-11-18 03:28:48,labeled,zkat
467938913,2015-11-18 13:40:41,renamed,zkat
467939147,2015-11-18 13:40:58,closed,zkat
461349383,2015-11-11 14:42:06,subscribed,zkat
460649496,2015-11-10 21:50:58,subscribed,zkat
460531157,2015-11-10 19:58:07,subscribed,zkat
460537372,2015-11-10 20:03:59,subscribed,zkat
464037975,2015-11-13 20:56:53,subscribed,zkat
428109625,2015-10-06 15:38:44,subscribed,zkat
428172226,2015-10-06 16:33:19,subscribed,zkat
