nathansobo,2017-12-22/2017-12-28,2017-12-28/2017-12-31,2017-12-31/2018-01-04,2018-01-04/2018-01-06,2018-01-07/2018-01-19,2018-01-19/2018-01-22,2018-01-25/2018-01-29,2018-01-29/2018-02-13,2018-02-13/2018-02-26,2018-03-02/2018-03-05,2018-03-07/2018-03-09,2018-03-10/2018-03-12,2018-03-16/2018-03-18,2018-03-19/2018-03-22,2018-03-22/2018-03-24,2018-03-26/2018-03-29,2018-03-30/2018-04-02,2018-04-06/2018-04-09,2018-04-12/2018-04-14,2018-04-14/2018-04-16,2018-04-17/2018-04-21,2018-04-21/2018-04-23,2018-05-03/2018-05-07,2018-05-07/2018-05-14,2018-05-15/2018-05-22,2018-05-25/2018-06-04,2018-06-04/2018-06-06,2018-06-08/2018-06-12,2018-06-13/2018-06-15,2018-06-15/2018-06-18,2018-06-19/2018-06-22,2018-06-22/2018-06-29,2018-06-29/2018-07-02,2018-07-03/2018-07-09,2018-07-11/2018-07-13,2018-07-13/2018-07-16,2018-07-20/2018-07-22,2018-07-23/2018-07-25,2018-07-27/2018-07-30,2018-08-02/2018-08-14,2018-08-14/2018-08-16,2018-08-16/2018-08-21,2018-08-21/2018-08-23,2018-08-24/2018-08-27,2018-08-28/2018-09-06,2018-09-06/2018-09-08,2018-09-09/2018-09-11,2018-09-11/2018-09-14,2018-09-14/2018-09-17,2018-09-21/2018-09-24,2018-09-27/2018-10-02,2018-10-04/2018-10-12,2018-10-12/2018-10-17,2018-10-20/2018-10-22,2018-10-25/2018-10-30,2018-11-02/2018-11-05,2018-11-06/2018-11-13,2018-11-13/2018-11-15
dirk,2018-01-21/2018-03-01,2018-03-01/2018-03-03
as-cii,2018-01-24/2018-01-27,2018-01-27/2018-01-30,2018-01-30/2018-02-15,2018-02-16/2018-02-19,2018-02-21/2018-02-28,2018-03-02/2018-03-06,2018-03-07/2018-03-13,2018-03-13/2018-03-15,2018-03-16/2018-03-19,2018-03-19/2018-03-23,2018-03-24/2018-03-26,2018-03-31/2018-04-03,2018-04-04/2018-04-06,2018-04-07/2018-04-09,2018-04-13/2018-04-16,2018-04-18/2018-04-20,2018-04-20/2018-04-23,2018-04-27/2018-04-29,2018-04-30/2018-05-02,2018-05-04/2018-05-07,2018-05-11/2018-05-14,2018-05-18/2018-05-21,2018-05-25/2018-05-28,2018-05-31/2018-06-05,2018-06-08/2018-06-11,2018-06-15/2018-06-18,2018-06-22/2018-06-28,2018-06-28/2018-07-02,2018-07-06/2018-07-09,2018-07-09/2018-07-11,2018-07-11/2018-07-13,2018-07-13/2018-07-17,2018-07-18/2018-07-20,2018-07-20/2018-07-23,2018-07-24/2018-07-26,2018-07-27/2018-07-31,2018-07-31/2018-08-14,2018-08-15/2018-08-17,2018-08-17/2018-08-20,2018-08-20/2018-08-22,2018-08-24/2018-08-27,2018-08-29/2018-09-07,2018-09-07/2018-09-10,2018-09-11/2018-09-13,2018-09-14/2018-09-16,2018-09-21/2018-09-24,2018-09-27/2018-10-04,2018-10-05/2018-10-08,2018-10-08/2018-10-13,2018-10-18/2018-10-22,2018-10-26/2018-10-29,2018-10-30/2018-11-02,2018-11-02/2018-11-05,2018-11-06/2018-11-13,2018-11-13/2018-11-21,2018-11-22/2018-11-26,2018-11-26/2018-11-28,2018-11-28/2018-12-06,2018-12-06/2018-12-10,2018-12-10/2018-12-12,2018-12-14/2018-12-17,2018-12-18/2019-01-08,2019-01-08/2019-01-14,2019-01-15/2019-01-21,2019-01-21/2019-01-29,2019-01-29/2019-02-01,2019-02-01/2019-02-04,2019-02-04/2019-02-07,2019-02-08/2019-02-11,2019-02-11/2019-04-03
karlbecker
max-sixty
leroix
Jpunt
eyelash,2018-03-13/2018-05-08,2018-05-08/2018-05-22
maxbrunsfeld,2018-03-16/2018-03-21,2018-03-27/2018-03-29,2018-03-29/2018-04-11,2018-04-11/2018-05-01
chgibb,2018-03-17/2018-03-22
matthewwithanm
arun-is
rleungx
jasonrudolph,2018-04-23/2018-04-25,2018-04-27/2018-04-30,2018-04-30/2018-05-02
janczer
Nitrino
yajamon
haacked
DesWurstes
Arcanemagus
MoritzKn
Aerijo
felixrabe
b-fuze
joshaber,2018-10-05/2019-02-08
