adamdbradley,2016-09-09/2016-09-11,2016-09-13/2016-09-19,2016-09-23/2016-09-25,2016-09-25/2016-10-02,2016-10-03/2016-10-05,2016-10-07/2016-10-10,2016-10-10/2016-10-12,2016-10-20/2016-10-23,2016-10-23/2016-11-01,2016-11-02/2016-11-08,2016-11-08/2016-11-10,2016-11-12/2016-11-14,2016-11-14/2017-02-08,2017-02-08/2017-03-31,2017-03-31/2017-04-18,2017-04-18/2017-04-27,2017-04-27/2017-05-03,2017-05-03/2017-05-24
brandyscarney,2016-09-15/2016-09-20,2016-09-21/2017-01-11,2017-01-11/2017-01-23
danbucholtz,2016-09-15/2016-09-26,2016-09-27/2016-10-01,2016-10-01/2016-10-03,2016-10-03/2016-10-06,2016-10-06/2016-10-12,2016-10-12/2016-10-14,2016-10-15/2016-10-17,2016-10-19/2016-10-24,2016-10-29/2016-10-31,2016-10-31/2016-11-02,2016-11-03/2016-11-07,2016-11-11/2016-11-14,2016-11-17/2016-11-19,2016-11-19/2016-11-21,2016-11-21/2016-11-29,2016-11-29/2016-12-01,2016-12-01/2016-12-07,2016-12-07/2016-12-09,2016-12-10/2016-12-12,2016-12-16/2016-12-19,2016-12-19/2016-12-22,2016-12-22/2017-01-04,2017-01-04/2017-01-06,2017-01-06/2017-01-13,2017-01-13/2017-01-17,2017-01-17/2017-01-24,2017-01-24/2017-01-26,2017-01-27/2017-02-01,2017-02-02/2017-02-04,2017-02-04/2017-02-07,2017-02-11/2017-02-13,2017-02-13/2017-02-15,2017-02-18/2017-02-20,2017-02-21/2017-02-23,2017-02-23/2017-03-09,2017-03-10/2017-03-16,2017-03-17/2017-03-20,2017-03-24/2017-03-26,2017-03-31/2017-04-03,2017-04-07/2017-04-10,2017-04-12/2017-04-14,2017-04-14/2017-04-18,2017-04-18/2017-04-21,2017-04-21/2017-04-24,2017-04-24/2017-04-26,2017-04-27/2017-05-02,2017-05-04/2017-06-21,2017-06-21/2017-06-28,2017-06-29/2017-07-06,2017-07-07/2017-07-10,2017-07-13/2017-07-24,2017-07-24/2017-08-31,2017-09-01/2017-09-05,2017-09-08/2017-09-12,2017-09-14/2017-09-20,2017-09-20/2017-09-26,2017-09-29/2017-10-06,2017-10-07/2017-10-09,2017-10-10/2017-10-30,2017-10-30/2017-11-04,2017-11-04/2017-11-06,2017-11-08/2017-11-13,2017-11-13/2017-11-29,2017-11-30/2017-12-07
gravity-addiction
shlomiassaf
rob3c
mlynch,2016-09-26/2016-10-01,2016-10-02/2016-10-20,2016-10-20/2016-11-15,2016-11-15/2016-11-17,2016-11-17/2016-12-02,2016-12-02/2016-12-06,2016-12-07/2017-06-27,2017-06-28/2017-08-15
jthoms1,2016-09-29/2016-11-01,2016-11-01/2016-11-10,2016-11-10/2016-11-17,2016-11-17/2016-11-29,2016-11-29/2016-12-06,2016-12-06/2016-12-08,2016-12-09/2016-12-12,2016-12-12/2016-12-14,2016-12-16/2016-12-19,2016-12-20/2017-02-03,2017-02-03/2017-02-07,2017-02-07/2017-03-14
jgw96,2016-09-30/2016-10-03,2016-10-03/2016-10-05,2016-10-05/2016-10-10,2016-10-10/2016-10-14,2016-10-14/2016-10-19,2016-10-19/2016-10-25,2016-10-25/2016-11-02,2016-11-02/2016-11-18,2016-11-18/2017-01-05,2017-01-05/2017-03-09,2017-03-09/2017-03-13,2017-03-13/2017-03-16,2017-03-16/2017-03-21,2017-03-24/2017-03-27,2017-03-27/2017-03-29,2017-03-29/2017-04-21,2017-04-21/2017-05-01
jamesgroat
cmaart,2016-10-01/2016-10-04
Manduro,2016-10-03/2016-10-13
tlancina
alan-agius4,2016-11-02/2016-11-15,2016-11-15/2016-11-19,2016-11-19/2016-11-22,2016-11-22/2017-01-28,2017-01-28/2017-03-28,2017-03-28/2017-04-21,2017-04-21/2017-05-02,2017-05-02/2017-06-30,2017-06-30/2017-11-07
hayuki
marcoturi,2016-11-10/2016-12-14
masimplo
vaskou,2016-11-18/2017-02-17
fiznool,2016-11-18/2017-01-04
amuramoto
Mokto
imgx64
tycho01
joewoodhouse
fathyb,2016-12-16/2017-06-21
gust42
NoNameProvided
leifwells
realappie
twinj
paulpatarinski
flobacher
huerlisi
dwieeb,2017-03-07/2017-03-13,2017-03-16/2017-04-24,2017-04-24/2017-05-16,2017-05-16/2017-08-02,2017-08-02/2017-08-15,2017-08-15/2018-01-24,2018-01-25/2018-04-02,2018-04-02/2018-04-18,2018-04-18/2018-06-11,2018-06-11/2018-07-12,2018-07-12/2018-08-24,2018-08-24/2018-08-29,2018-08-29/2018-11-26
brettatoms
jorrit-wehelp
marcorosi
abomadi
michaelgeorgeattard
manucorporat,2017-05-04/2017-06-13,2017-06-13/2017-06-26,2017-06-26/2017-09-08,2017-09-08/2017-10-30
rolandjitsu,2017-05-10/2017-06-30
AmitMY
danielsogl,2017-06-01/2017-06-21,2017-06-21/2017-11-06,2017-11-06/2018-01-12,2018-01-12/2018-06-11
Eusen
mmolhoek
zerdos
Nilos
awebdeveloper
soumak77
antriver
mhartington,2017-07-10/2017-07-19,2017-07-19/2017-07-24,2017-07-27/2017-10-20,2017-10-20/2017-12-18,2017-12-18/2017-12-27,2017-12-27/2018-01-18
swaheed2
JHeimbach
mburger81
SKempin
jpkraemer
ufolux
felpi
Airblader
alllx
supa-creation
anatoly-spb
itslenny
Fabious
nphyatt
StefanRein
rall
potremblay
vially
CyberBLN
liamdebeasi,2019-01-24/2019-01-29,2019-01-29/2019-03-01,2019-03-01/2019-05-24
intodevelopment,2019-03-01/2019-05-24
