sha,author_id,date
12522aa7a2d41e8816ed6240546c9ca7788271e6,aroben,2012-04-30 13:50:21
5f64c42b42f9b2c2723333f1448187adf5416515,anaisbetts,2012-04-30 17:14:36
212f0797f9c73bb0be3fc773fa062d5c60cddb28,aroben,2012-05-02 19:38:27
14dcc92c6ab2489f3433c213c9aeff687f619e0d,aroben,2012-05-02 16:35:27
28656f5f7b86534136afa517f4acdd065ca44f4b,aroben,2012-05-02 16:36:36
b9d30a7056019439828689406d11cd738139ae32,aroben,2012-05-02 21:25:13
ee7cb9fb46696e24a0e58fe5b1b24f3b0d29f4be,aroben,2012-05-02 21:26:02
7a6487f8641d9ca6a0f13b5ea42d3994dd0d5e3f,dscho,2012-05-02 22:43:00
7b29503d06be13917aeaf20e548342ee334b1ad4,dscho,2012-05-03 00:45:40
32eb52f031ba89ccb05c0aecbded84d00a45264a,dscho,2012-05-03 00:46:51
dca2a0d1ccd4d4078a822d5c447bd83bbe1a513e,dscho,2012-05-04 06:49:56
a2523de4099c967ac990735b7a30c1a960cbd4b8,aroben,2012-05-10 15:05:41
80dfbdf434015dcaa68ce0f57f6754e2410d1837,orefalo,2012-05-10 18:38:52
3a0337d79a32a44f7c1316e0302ab267807b1e7a,dscho,2012-05-12 02:24:01
9424c7cb6f83c62e185443be2fb5ffa8cc473f1a,dscho,2012-05-12 03:15:51
5649ef39a7422649c4ae6bd306ecfb8fba2bf075,dscho,2012-05-12 04:03:19
91b8e2341ebe18df1a9f25d3f89c16155883834c,rpavlik,2012-05-22 14:58:04
cb9e2272ed080029db3ac3040f2db51dd0b0f31a,ciaranj,2012-05-29 21:56:23
51081c44cf7559826dd63ed9d1bb9751dfb9d557,tclem,2012-05-29 22:09:43
c9f6aa0b48e7958daad0a75dae74449439dc67b2,aroben,2012-05-30 15:11:48
862136f38b42d8ebe0b48ddbf27c6a251a39f2ed,aroben,2012-05-30 17:30:27
8423872832dc06125efe692c3ed58406de1e5fb4,aroben,2012-05-30 17:58:00
f3b6309a447758085d7b54f153791915e0c6d023,aroben,2012-05-30 17:59:31
de47364661bb8be9a749f3c5fa6bceddd54921b9,aroben,2012-05-30 17:59:48
75ad63e3a5787ce11e726a850f486aed95208d65,aroben,2012-05-30 19:08:34
ae3c26e6e1732cc25f6d06c22c1e673e895da252,tclem,2012-05-30 23:19:17
674e46a685d3fde12321f0937076f2d323da2883,tclem,2012-05-30 23:24:12
afd88c3473216b264928695f29ba6d6a77a0dad9,tclem,2012-05-31 00:05:07
b71ffaba14c8f93d6cb2a6794592ed0c69be8bca,tclem,2012-05-31 14:57:44
ed1940dfa61455a2cce5bb4208b45f432ec3cfae,tclem,2012-05-31 15:31:02
c837fe4c39558af11b9b212d1a9b9223ed94b76b,dscho,2012-05-31 07:01:17
0812189c12ccff4584523d6efce294a33dd2332a,aroben,2012-05-31 18:40:07
ceab94a53830e1d08d5b3e698a3527a692609365,sschuberth,2011-12-21 14:27:02
da509c407c83f7ab781db10b895652f2108f506f,sschuberth,2012-06-03 20:25:48
d938476ad0839ed4fc2bb83a5dc413764a703dc0,aroben,2012-05-30 17:58:00
12ce6bee7dfed46ca773057910869ef2714b0a41,dscho,2012-06-05 18:01:40
31087ce712644c9588e6abec5c0011e7e61d19d6,aroben,2012-06-05 17:49:43
ff304fadb6dae38c21c6d2ea67e996ae3d87ab6d,aroben,2012-06-05 18:00:35
611553edaeb6819b470e1ff020fee6b20f7b4d1b,aroben,2012-06-05 18:00:36
2083d3909752ae5a1727d76ee671baacfe961ddd,dscho,2012-06-05 18:15:23
fb8ef3534a84a9460432030c1d2e40112a138db2,aroben,2012-06-05 18:38:53
44a8655c3b65e524d1981d1e3ec2f63c1d4d615f,aroben,2012-06-05 18:47:36
53021fe0ae122c7c75f8fa7393211c1388886cae,aroben,2012-06-05 19:10:26
c7f54806b52ff21d96cbee8768a83bfd0c129f46,aroben,2012-06-05 19:16:50
d021a85c2774b0e6d3179030321b64a0b997f6a6,aroben,2012-06-05 20:47:24
90b838488b14e5f0e2c997c7f7870bd11d8dfed3,aroben,2012-06-05 20:48:34
50608f1a112a7c1c450ee0a9957992e096cadcf4,patthoyts,2012-06-06 11:34:09
57affeeca5ceffeb6ef3e5489a991c4f301a8ed9,patthoyts,2012-06-06 12:21:49
1a97e12f081f792cf0fed457403566c648916d48,patthoyts,2012-06-06 20:10:37
22ee8f68160a30439869481a75dc9650179b71ff,patthoyts,2012-06-06 14:08:57
d49d3de232af5ecc50a06a76811c3a28d1b23978,patthoyts,2012-06-06 14:09:00
791c1d1e2575d62d34878176743e43cf24e0c982,patthoyts,2012-06-06 14:09:04
f2caa85f62701f0f5d4bd5693668acbaea56bbff,dscho,2012-06-06 15:17:07
19288e3798dc2003b9a67bbcfd437e7de3e34ef1,patthoyts,2012-06-06 20:32:51
f8f37dd63a328952497d3e3a8d4de28d06663205,dscho,2012-06-07 05:48:33
fb20d3bf530fa2243c1da2a7928a3cc3ad0bdcc0,mikofski,2012-06-07 07:42:55
f9b4a27e84e794ca62f8eb944060c3029f58cb76,sschuberth,2012-06-07 15:05:26
fc018a6eed13fb9ed9e59d675f0bdb95f19db625,patthoyts,2012-06-07 11:54:57
7caf9e6627a53442cda44b938c300bad820af935,patthoyts,2012-06-07 11:55:29
f80f5a26448f61dee3b8bfa46870629dcf84e06b,patthoyts,2012-06-07 12:08:39
4c01ae5e575990f9b0954c1fd095806f64ed1275,dscho,2012-06-07 21:06:11
addf8951662f38ff1024a430fbb6873786547bed,aroben,2012-06-07 21:11:53
8e37122039bcb565afe4c02c9de9ef5927ba6312,aroben,2012-06-08 17:27:10
b2691a2495f7e98aeaca649dfc359ecf1d70e130,aroben,2012-06-08 17:29:13
31801cb5371f4cd55dc433c2cda2020abce45eb0,patthoyts,2012-06-09 22:54:36
2848d300fcaccd3ab6fd69bffe3ee3c3ec6beec9,patthoyts,2012-06-09 22:55:22
d0afcf309f639456148379919868350bb38ff8bc,aroben,2012-06-11 14:08:45
efcb0fe8140c04b004b768f8dd3812543f12bdb7,aroben,2012-06-11 14:01:27
70baf56a054209e5afe24abd9304204b637c5807,tclem,2012-06-12 00:36:19
71d91e6104558d55dc37b5fb3f2ed900260ef084,tclem,2012-06-12 01:29:45
763d959cd2dfad158bf384831f413ed894c4c14f,patthoyts,2012-06-20 09:48:21
41dd47d6228205ff3738d7a6e115ccf6b1c24205,patthoyts,2012-06-20 10:53:56
aaf4a7cc0cb7d9e001ba76722b1e39590dfdd2a6,patthoyts,2012-06-20 15:28:07
8b7eb7e08b282344298cb05c6d14c47971a22383,patthoyts,2012-06-20 10:05:52
6c27376378af80a5ac754033e492621e314f35b0,patthoyts,2012-06-21 08:39:01
d82f37a67b0d60ecb287e3196c1c47237688342d,dscho,2012-06-23 17:57:02
0d984a6296af6d82eaba3908a4cbdeb9ff967271,csware,2012-06-24 14:05:24
2830b1f41154228bc2222aa7be2ad27eb5043f3a,csware,2012-06-24 14:07:36
cf20f444282407455eaa371ceac3fe877383dd60,sschuberth,2012-06-25 09:13:01
74af242d0040a6e085b23a088d04476f20d408b9,aroben,2012-06-25 17:47:18
656cc1ef6d04f06ddf8b2f5bedbac921caed3b62,aroben,2012-06-25 18:18:23
b3c11baae08d1f20f2651c0119a036690eb54185,sschuberth,2012-06-25 20:20:51
0c271e94c6edc12ddedfe3cdf55a09b4b431f44f,dscho,2012-06-25 21:02:17
cb9836b8a5ea9aa8f2cb7a373e58eeb6c000d4a7,dscho,2012-06-26 15:08:34
893b221982321303e1a31b2098cd115c65ca49ab,patthoyts,2012-06-27 16:23:18
bcb6b06cca1cd7382055898649f4403c83743f7b,patthoyts,2012-06-27 22:12:47
fdf768fd8c0fa4181a565a139e806ca3ad0f28fe,patthoyts,2012-06-28 09:33:00
47a55b6de4f147ae2e86cd5963bedb9d49ac387e,patthoyts,2012-07-04 21:53:47
d9cd7aec1328d113cc05af4caf7f6b132defae3d,patthoyts,2012-07-05 19:33:36
726102c90a1ac6ff67b041b8855fd74815dd9979,patthoyts,2012-07-06 18:56:19
7ae0d049200c2fd9d25a32f8395910585fbef73d,patthoyts,2012-07-06 18:56:38
3b02b33987205441fd04df2b7310aaac86dcaabc,sschuberth,2012-07-08 19:06:00
22a91678d6ed087fb6ba2e9b0255af66155b4d82,sschuberth,2012-07-08 19:08:40
9d3c9d917f5d7790fbb0309ebbe0303960ec8a64,patthoyts,2012-07-10 08:20:25
663ecd29441c45999ea852e20d0cd4a8f2b05665,patthoyts,2012-07-10 09:01:16
9a11989926ffe22db2963262dbe5189524761329,ciaranj,2012-07-12 14:00:12
3fc06990b1abef3ad4342b0522d86d1e26dcb58a,patthoyts,2012-07-12 19:06:05
707197edb599b126233b43e14d080e2f388a2d61,salsifis,2012-06-18 10:10:56
4e4e3f3fefab0ead3aa0b4822675355d40303b10,salsifis,2012-06-18 12:17:58
759a59f67bfcb7cf1fb11f289d04398eb78de908,salsifis,2012-06-18 12:19:12
8810fd5c2c79c73adcc73fd0825f3b32fdb816e7,half-ogre,2012-07-16 21:30:40
5c37ada98d96e19097b15f234061a7ba2fdbf49b,sschuberth,2012-07-17 18:50:46
3bb3488dc71e37fabbcd802e16844ae0cb6cda69,sschuberth,2012-07-29 20:12:34
76b4a3a3e610c0ceca946b95378aa754cdda35fb,XhmikosR,2012-07-31 20:58:47
ffb13af63d9f5356f79c376fbbbc41625cde1acf,sschuberth,2012-08-01 06:43:26
344fcb731b4ab2497916d54789336b266ea3f8b2,sschuberth,2012-08-03 12:57:17
e3f6fd6868300f33fd09ccc04a90b1f1e9e937c3,sschuberth,2012-08-03 13:06:27
d93c69c3a537669fa4fba0edd178ba8845dc66a1,sschuberth,2012-08-03 15:14:34
96f0c0f9e6a4afbe7455b5c4567d40a25270a3a2,sschuberth,2011-05-14 17:34:32
206019cae3d9df844a7b6046b607591c458b1d0b,patthoyts,2012-09-28 10:26:35
b6ce102b015dc684a5379a52b5693a79d220501f,sschuberth,2012-10-03 15:48:45
705df7b2cb2652d427008faef782999d82bd90ec,sschuberth,2012-10-04 22:30:26
fff9619afe976f2c552fe635ed664c8e23ed989d,sschuberth,2012-07-17 18:50:46
3648e9da279ec8a6daa7ce9f9786e3e898589b78,sschuberth,2012-10-20 20:06:44
4e188d5a822e76243ad5089623a7d7b8a2633c8e,sschuberth,2012-10-21 08:05:54
c150659a4958adbeae80659885798958a271d49b,sschuberth,2012-10-21 08:08:03
c27cc30e085e277735b7921aebe8e73168869e0e,sschuberth,2012-10-21 08:55:10
7ef5055146f57937c570863703de3521ea3d2d7b,sschuberth,2012-10-21 09:37:17
c5ab7a9aade16dd5734f77ee220721543b0c3fe0,sschuberth,2012-10-21 09:40:55
4fc3780fa16cdc41f1a68a4ed357f75ad1decee7,sschuberth,2012-10-21 10:16:28
a1628d6a3ea011d35f7f303f5288cc4e457d2291,patthoyts,2012-10-22 15:21:59
b4e03a5a95e1011671ecc33b8dce06b9b1c1cc09,patthoyts,2012-10-23 23:53:20
fd6f8d03fb63dc1c160ff2dd7aeb62fd6682c742,sschuberth,2012-10-24 21:11:14
eb648717f20ad28d54ae0d3795346980a9f039f4,johnstevenson,2012-10-24 13:19:16
33413c9013b4e7979b1c6a539525d0e44162faac,sschuberth,2012-10-27 20:12:32
3e7fb81e7257df9e4ab87b1e216f535d304d8991,sschuberth,2012-10-27 20:36:50
2ca4d5561279cebf7c4bd5e5c15157ae5785ab08,sschuberth,2012-10-24 13:19:16
133e29c4265bf421e75db69e52878dc1f3067b69,dscho,2012-10-28 23:28:30
b4546cc62192129b91eee19f1d6b27a880ce8b55,sschuberth,2012-10-29 21:29:49
c21023701679ce6d55031b428006d1544339ac3d,sschuberth,2012-11-04 10:45:03
31dd6ff5dec1f10421aafa3ffab99699ca3e4d17,sschuberth,2012-11-04 11:18:27
82f43e8641521d1566d9b7640deb2231122d57ed,anaisbetts,2012-11-12 22:42:43
b5c89b6102479aad06b6fa2653d484641f54d42a,patthoyts,2012-11-14 00:29:06
31fbf2c54c7694946938e82efa4dd0332d0be1ce,patthoyts,2012-11-14 00:41:56
cc9382fd9dfbce8ce4eec45fa6b034983a1bd8de,patthoyts,2012-11-14 00:44:28
b7ffa584ff1da0801d5f8b17e49dc0e72b328af6,half-ogre,2012-11-14 18:42:17
e86374f79d858f8bdeef3b5415be5d1763468cd9,half-ogre,2012-11-14 18:50:45
97c3713252b02d83c2c6b68ba41f652cb3c49267,half-ogre,2012-11-14 18:54:10
2ab50c3ae0aa3e5f63b0be9c55c3db0ae70759e1,half-ogre,2012-11-14 18:58:14
94f5dd8ab376b73b2aaae30c377520d542438c2e,half-ogre,2012-11-14 19:44:43
c244fb0169c44b5368c553ebc334ff8e655ee14f,half-ogre,2012-11-14 20:01:24
050b7d00a67dfabd739ff8bf2ba754fc9f91234f,half-ogre,2012-11-14 21:15:49
93e8418133eb85e81a81e5e19c272776524496c6,half-ogre,2012-11-19 18:23:55
d5f2b0e00eea7c96788d974f696b6d3bfe9efbd3,pointoforder,2012-11-23 18:43:49
73cdc1ee317436f9aa4f0e3212875b32ed6f8481,sschuberth,2012-11-26 21:47:57
7c1d9831e7110d10b27317a4c49730388b9f7674,patthoyts,2012-11-27 22:04:37
6bf64a43543014be9f055abcf291b46a28272851,dscho,2012-11-30 19:26:35
947ccf6973a5be4795b3c411fe3727abad51d75d,dscho,2012-12-03 22:23:51
0433db08af3db8454dd90cb416060dae2fe64716,patthoyts,2012-12-04 22:55:17
74757f65fc2e12c13d1ab85c6b6802d86ab5849b,spraints,2012-12-06 14:19:51
af7871a7f1406f1f695fb81408b0b4408827381e,spraints,2012-12-06 14:22:17
72173d413c6cc4c0846daca3b82393a897777df1,spraints,2012-12-06 16:16:35
53e28dd5e29db75a8f2f55922f0f9115148be4d8,sschuberth,2012-12-16 14:29:23
2db3aa7c413697fdc02f5b94ebb847ee67290775,patthoyts,2013-01-10 13:35:51
aa5af44cd3a2f4d79902ae44ad7800908d761c49,patthoyts,2013-01-10 22:14:54
42fbad357452e891b172fcd3b9bbeaf1d94a1533,patthoyts,2013-01-10 13:36:27
c70b60144f3baaabaffe26b65cd5c5c7da7e22e5,sschuberth,2013-01-12 13:41:08
90a44f4d7c23dbbe50cfe45ef61ae59247214cc4,sschuberth,2012-12-17 21:22:33
3d965cc8a2bf43e0a17540ed0d8ce127d25e7195,sschuberth,2013-01-31 21:22:57
451c982397d08f376b23e8b0d04c1ee69c940b98,sschuberth,2013-01-31 21:24:11
c6bc6e117d996d912d2939714b6828fefe3eee67,patthoyts,2013-02-01 09:13:43
c65f85dd11fc825fccf4834ff8d0034bf6618041,patthoyts,2013-02-01 10:19:03
37e42ab860ae555d2ba4b0e3e014a0bc6860f0d5,patthoyts,2013-02-01 20:57:30
d0710244fbe78191351207eb6ceea802c4c354d2,patthoyts,2013-02-01 20:57:48
f1dbdbf1f3b41d28c257ec46a05c49757a812c82,patthoyts,2013-02-02 11:08:35
890581696ca4522a29bc68aea009a834d89fd159,patthoyts,2013-02-02 11:10:55
49f9d8b28ffc4700da9b238d935e5e5466adba7f,sschuberth,2013-02-05 08:51:55
209947d271dc5c1fb1df14705cf73988f869c9f9,BaconRanch,2013-02-05 16:13:07
d460be410a24ef4ccd01c72f816b296150092639,snaewe,2013-02-06 09:46:34
49d53a162dc95507d1af729f43a56c446aded546,patthoyts,2013-02-06 12:36:44
d6411a7e6cf9226deed2a188dce13b9d3ca5a1cd,patthoyts,2013-02-08 14:05:23
06670bb4f2382d52afeef3347c5233deff5bfaef,haacked,2013-02-12 17:38:57
64179092f39f5dacb60dcab147fb4d04266c0eae,haacked,2013-02-12 18:34:55
be9af3f79a5685098e16be9318d266bd65e855cf,sschuberth,2013-03-08 19:45:06
48b08288bfaadc2dba3e6776ef6a84077c15ab73,sschuberth,2013-03-08 20:53:05
c9d8242620812995c467fe4aa7f4ffc40edf7334,kusma,2013-03-14 00:29:34
7b2d126dfa0bdddbb8e71bace172c85bb3417369,sschuberth,2013-03-14 16:25:22
f2dddfec4ff7f60c8b6f3947e1913a8c3d97532a,sschuberth,2013-03-14 16:40:08
6fc120f103e0b404ee73b09ad278e184e9b0ac4e,sschuberth,2013-03-15 08:53:40
2cb89d3e7a7022387e5799de7a9562f57b3ce277,sschuberth,2013-03-15 08:57:04
0dc86069cd9a015b99d84eb6a8b32580ab4ffbd6,sschuberth,2013-03-28 08:02:38
06a3e9c00a7d76f8f0a8137bdf5a3bc1f30ddec4,rctay,2013-04-09 05:59:21
dac8d212043d1cc21c5a20a052ecd9c315afb524,rctay,2013-04-09 06:04:23
c40377c36c258ce3eda657a51805eff9c4b70b74,rctay,2013-04-09 06:31:00
c2dded4fdf1fc09b8ba0f428af9cd918eb3ceb9f,half-ogre,2013-04-16 23:22:42
700b03ed05e996a22941b2088d6ceffe4d38775b,half-ogre,2013-04-18 18:20:05
907705ee1f68e858f1db04b92a176c9954a0b91f,sschuberth,2013-04-22 11:31:57
ca477551eeb4aea0e4ae9fcd3358bd96720bb5c8,half-ogre,2013-04-29 19:22:02
4dde896b4c4ac22d0487732d537d02917fce34fc,patthoyts,2013-05-15 12:40:56
c266ec6d3c23f006fd4ba8bdb91c424e6fcb631a,patthoyts,2013-05-15 12:41:42
3a9151cddd239aab12436ec42b042720c1340f33,patthoyts,2013-03-15 17:30:50
60a1770576caf913b9a5071bcbe4caede08fed83,patthoyts,2013-03-15 17:37:55
1a84e2f611ff53501b7a29e8ea8497cd0ca83beb,patthoyts,2013-05-21 14:22:41
1d5b729590bc8f6684d8c4e8c5a6ed14d97e81e2,patthoyts,2013-05-21 14:27:07
a1764aa35c6d6c41bfcc4ffd64c7d3680a3384f0,ecki,2013-05-23 19:11:34
5cbaf94f23a8c7e42dbf0fa0527abba5cc5ee7a1,kusma,2013-05-23 21:06:42
be5920c589686dda58de1bb7b95d48f1cbd0bc9a,sschuberth,2013-06-02 09:42:23
88b435fc9563301c5e46921a8c8beff87fab0d98,sschuberth,2013-06-02 09:45:23
cbdadc7bc481db84cd3f25c591f21c59aa915708,sschuberth,2013-06-02 09:54:28
848a30fb1b63f7da4613fcccf145522c9e8e351f,patthoyts,2013-06-02 10:19:22
84fe43e487aa58c7062aacbdd636eb5c7666699e,patthoyts,2013-06-02 10:20:37
c9c9a36092eb81c9b0d0c18ebb9d28f674c1fca9,patthoyts,2013-06-02 21:38:05
8a6ee3bd359d8bbb6ae38b791a5ea9c2ad182633,sschuberth,2013-06-03 10:58:44
e489513b557b03cb6d842075eeb654602810ec84,patthoyts,2013-06-03 08:18:46
b82f3a226783bfdcde2014fca227163b53bef3cd,patthoyts,2013-06-03 08:21:33
75446e612aa981f9e748d0db3bd5bd4fc75a009a,patthoyts,2013-06-07 13:07:48
6bc62954b8651cb446c59706c0c33764ad784958,kblees,2012-07-05 14:56:24
3a84124ec812cca6a6b20fb59fbacc141c4d0785,kblees,2012-07-05 09:40:40
cdd94cf9685f5e4544f06d3d5a60a17c8809dfcc,kblees,2012-07-05 10:04:42
1c9f94fb0634387eda1403018dbe8e5fb710d08d,dscho,2013-06-12 20:39:15
7aea7c12a4991983572669fef6d973d854e1e6c8,dscho,2013-06-12 20:39:48
a98fbeca14869277406b526dfa7ca0d6b576e025,dscho,2013-06-12 20:40:02
b656c14ce48119d303be3d368b6af0ad59a3a0c1,dscho,2013-06-12 21:17:45
b0d23dd1eff0b4cd9354148c103d10c0ab0aa5b5,half-ogre,2013-06-17 17:23:09
e3f95de5e62155f7bfdc9a1bd5e6311f4790880d,half-ogre,2013-06-19 04:02:27
015aa71ef18c047ce8509ffb2f9e4bb0e3e73f13,half-ogre,2013-06-19 04:11:24
643ba3d7b80fe01ebcb72f3a17f535dfa4c152f2,patthoyts,2013-06-23 08:53:17
94d94acba4e9747c3f83df56ba59926e502e9b37,patthoyts,2013-06-23 09:00:53
4dfa11019353422d057580a9c1acf157fc0621ad,patthoyts,2013-06-23 09:00:54
ab173bb3bc3852b04e2958abac61bc6f65c7a64a,patthoyts,2013-06-23 09:00:56
9c1c7680d4827fa55092f78646d43de3ed1a1ab3,snaewe,2013-08-15 17:32:57
cee9ebdf3a1609a5562deadd4cc0b1084362b4c2,dscho,2013-08-15 19:30:55
48623a0db4c619243ba13362004b86c736df3658,spraints,2013-08-28 21:56:57
afc74bb8859a244208997d4e39a5123beefbd99a,patthoyts,2013-01-04 10:29:50
599d40b55d015bbcc8402572c087844fa6d1a33d,dscho,2013-07-15 19:09:29
8028e2a29a607f13d66a073a06bc5864363b765f,patthoyts,2013-09-13 13:20:38
40564c458df1d5d379874bdb987bd3c7448151aa,akruis,2013-09-02 11:24:54
11a126424f03eec67ff253409520e349cb4b611d,patthoyts,2013-09-16 11:04:41
131f91b16a770c7ddb033db514fb6bb94cb7d5b7,haacked,2013-10-31 16:28:56
a12a3721d84cbfaff0d985115e0228a869f6de3d,half-ogre,2013-10-31 16:43:06
0f65d050d0c352fd38a0b25d82ee942deb19ef87,half-ogre,2013-11-01 05:20:28
e2bb3833b38e88d1f3ebf2077394aca82ec3ffa9,shiftkey,2013-11-05 04:00:41
ff7fb4065e5ef0e8e1c8af21c35e759f5d325846,spraints,2013-11-13 18:42:22
4609a05fe03309f117ab877b38466015f3e67f8f,half-ogre,2013-11-13 20:50:09
88d2c5f82b39a1b3f32bdc47fe7407400a159e47,half-ogre,2013-11-13 20:56:35
103fe4b870911b857d5a3d12e596eb103d1a4bbd,shiftkey,2013-11-13 21:02:04
fed20eba68b3e238e49a47cdfed0a45783d93651,half-ogre,2013-11-13 21:02:54
b0657b18d23e279a641dc392c5dc9a49129b3d0f,mattyclarkson,2013-09-13 18:05:21
cb316651e4cc200e9eb702218331c6e11763d7d2,sschuberth,2013-11-27 11:58:49
35f4dda842e1b1bab5e1b20a5734ce16ae0fae58,ferstl,2013-12-08 10:09:34
5a9fad5adce6083ec5f14f759271fa437ec084e5,sschuberth,2013-12-09 08:00:01
982f42e1409918badbd8728e9a824ec0f87d10b7,sschuberth,2013-12-09 13:47:49
87b8e1203525830ad09bcd4c394702f77b17b473,sschuberth,2013-12-09 12:00:59
d8ecf3c1fdc724455aab1403a28497fcb9598aea,sschuberth,2013-12-10 21:07:41
b514f1172af18fb7b61475c91c136962316eb4cb,sschuberth,2013-12-11 09:30:27
900a2bb0a90a97ffa57d6b4d835308ad0dbb2640,sschuberth,2013-12-11 09:40:03
4078051a65fca7d781e854b25559c9d8b4e3de44,sschuberth,2013-12-11 09:47:03
220003aec3bae758d57cffc78226abb0fc2f1ba6,sschuberth,2013-12-11 12:14:45
d4a5403a3c84ae43f4ada0429ab0d6da9d94dedb,sschuberth,2013-12-11 12:29:07
7046b44a2ab6a906a99e6a2928e3a848c19c4a30,sschuberth,2013-12-12 10:39:35
79945ee6f9dbfb7f1889940e0626650e5fa31659,rburgstaler,2013-12-19 03:59:35
185670e1523efbfe04c8199372b50f979868fc69,dscho,2013-12-19 17:41:14
95ae63b8c6c0b275f460897c15a44a7df5246dfb,dscho,2013-12-16 04:22:29
840e23db03bb43148c83f079690aa48eeb33eb81,dscho,2013-12-16 15:43:12
ae8c720e712aef586821b4d3b939051e8f25d76d,dscho,2013-12-16 16:45:30
8b45274b27565d1d75561ea1c2d96315ddfcec1f,dscho,2013-12-16 17:19:06
591433b9b909b7602fbf61a7cc60b5068f8f8ab7,dscho,2013-12-20 17:22:28
742033ee55cb18d27794304971552c235e82b0df,dscho,2013-12-16 17:00:55
c6de36b9480f6b9c34a3a3bb5ff224eed3de0301,dscho,2013-12-20 02:39:26
ee08f07376db922960fa23ab3a26a6f142101112,dscho,2013-12-19 21:51:29
d92af6b20b69fffc784a586c520cc728e1f7f61f,dscho,2013-12-20 02:54:54
a8da88d022e869d1687ee9af8594aca66f4f805c,dscho,2013-12-22 16:36:51
2420ec1de0f07854fe2a9c8c9f414b47594933e9,dscho,2013-12-27 23:59:10
0e1034d8b560f90ea215a432e6d44a9a93c552c0,dscho,2013-12-27 23:58:02
9219c6752fa3a2ae02471075a549f84e3917374f,dscho,2013-12-16 16:10:13
978d6a8e14cedfba101f1f3c2476966e3704adab,dscho,2013-12-23 16:02:12
75d165a6760c7b5c8441d3d3a0ba564ee977d03a,dscho,2013-12-27 02:35:13
ec3fb47649e5f189c15318d196d6dbf5e8174309,dscho,2013-12-27 02:56:42
cecd5c142f487430a625f2f388b78c1a63148cca,dscho,2013-12-28 00:50:38
b17b22502784c4697c6d469040bd1b2471fcc0d2,ecki,2013-12-30 20:02:16
3c1d074b5099be168645defa27b5d8c9fdaf41c2,dscho,2013-12-30 20:07:10
42ad4ed2625a0f8428e44ba3be7dfaf10c387522,dscho,2013-12-28 04:03:26
36ea2bf753384c29b6ae0c3537512127dab31b51,dscho,2013-12-28 04:21:56
753d3d695406affabf6310fc4a98d13acddb11ae,dscho,2013-12-28 04:24:35
db8d1bff1b121a08ca3782c5f52ff6a04ff98533,csware,2014-01-02 16:26:25
448e125bc52f0aee8cae2f0861e31409aadb4baa,dscho,2014-01-03 17:01:29
8a920b987f73d2d1b27e51a5a344b1d0fd91f43d,csware,2014-01-04 10:30:57
218ed04efbba3e49b2c645167c033bf094ac19ee,sschuberth,2014-01-04 17:16:15
23d277382854c1e09268f1c2d32381de41c76d7b,spraints,2014-01-14 19:00:04
9303db0dbbf5ae18d3825670d270e12a9ee929b9,spraints,2014-01-14 19:01:43
7067e673e2c1687dbe4f72fd370ae84df6fa7339,spraints,2014-01-14 19:22:41
38ab022801081b44ab55b14f53a4d3f9b964486f,spraints,2014-01-14 20:18:50
3367b993ebc0ded6a4c0a85c03ef06704741697b,spraints,2014-01-14 20:21:28
9a7883e25726060f1c6bc5e3dec0fa784666fbb2,spraints,2014-01-14 20:21:58
8523ba27370829317c646bd071a391f397f8f2ac,spraints,2014-01-16 18:34:55
f557e8a111df789de61d15f8fdd7f29d8778f2e9,spraints,2014-01-16 18:51:29
b255ddbbdfd6bad0be28f66f5b6e3180455ce298,spraints,2014-01-16 18:54:01
d0122b49dccb9f68ce04ba54d506a802619bc31a,dscho,2014-02-16 17:16:49
2286e82924a0ffe2713c05852440ceca07c4816c,sschuberth,2014-02-17 19:57:16
e7951bf3caf262cc740f6c305cf37a99cd38ffd7,dscho,2014-01-27 12:34:02
0be8f2208d795c0fc75d4667fac78987e63c914d,dscho,2014-01-28 18:00:55
13744e0412652f497a5a79283a24e54aa630a00d,dscho,2014-01-28 18:23:03
742ab3728e18fdf28f21aec867c314f9ac7c205b,dscho,2014-01-28 18:30:41
a8e4f5afecfc16da0acecd3bb357fa20b125fe1c,half-ogre,2014-01-30 01:05:29
983553fc7c126623d99250556ae19463078ae76d,half-ogre,2014-01-30 01:25:13
57806864e57a89390434957babac3f9a0cc4029b,half-ogre,2014-01-31 02:48:42
054f2e797ebafd44a30203088cd3d58663c627ef,haacked,2014-01-31 23:29:09
9c4b9cb734081908255793e54a67e0518de89a8a,sschuberth,2014-02-05 13:16:35
9fda80bd68bab50d24dcd68d5fe8eb8edecf37a7,dscho,2014-02-17 17:41:28
648473f4e51bee64a3bf2a611c3a61ed585c6c90,n8felton,2014-02-17 19:46:05
cff197b72a28a0fa1ccf9f5d1cf50bdb858b81ad,sschuberth,2014-02-17 20:54:11
84e75b749e0f2713693937fdf1a99fd6a486eaf6,dscho,2014-02-17 22:41:52
9ce29d6397b92597d4d320f2bd0ee938972f4adb,dscho,2014-02-17 22:45:35
b53b404ba31667f42606f3e61a151a0468e16671,n8felton,2014-02-18 00:38:22
6396cb12683be236833fe79f8a5eee74bf0c2026,dscho,2014-02-18 18:24:51
da6c969acba85c2f1ee154fd2eb861509d36eedd,snaewe,2014-02-21 19:47:06
281e50f434511a2a3e1dbe9aad1ba63dba84a8b1,snaewe,2013-09-17 12:20:29
e6f6849c9bfce58780e9d62a771d319df9b75e67,snaewe,2013-09-17 12:24:28
686da0bf1e7ad6a840642825d40f4e6c13bb2b78,snaewe,2013-09-18 07:05:18
bc864e7927c0fc44e17fd188d37bc0bea9340f49,dscho,2014-02-23 21:04:21
b9e5d2ac3bf9f106ff7aace43a4cfb27f65efe78,dscho,2014-02-23 21:15:12
2e83f2d3e5594909d08e9d2435734324f4592db0,dscho,2014-02-23 21:18:49
63b6221352f29618983c8e87cf507930d2f143b5,dscho,2014-02-23 21:19:12
4e42ae3149dc064532799a6e376c9ac5ff1ce077,dscho,2014-02-25 13:55:15
5276b74f272e132c73af5f66341bd6b942f511d5,dscho,2014-02-25 14:40:50
2753bca976ee4c5749674bfef2ab0d520343be74,half-ogre,2014-02-26 00:16:00
9a9961ef01dd69cc46b6dff76c83ddf73d547c29,sschuberth,2014-03-18 22:19:10
918dc7d7c948abb711bd2ea707912a2e9d3c92d2,sschuberth,2014-03-18 22:40:49
dedb6c0cc9a2610fda97ed1d7355fc00b01b6b3d,sschuberth,2014-03-15 11:17:47
42977446c3446e985120e16a27dd7b2c6ef4b6aa,dscho,2014-04-02 19:42:32
10056a46552eae8eab6c90b20fdefcff1dac3c9e,dscho,2014-04-11 18:52:41
1f220ee1980b4ee38b9045a6e487d2757440d251,dscho,2014-04-11 19:13:03
317d48af2dc68ff02a41c76ee9d2f28bff308757,dscho,2014-04-11 20:26:48
00039af463f18f9c990b35047edbf5af02699a9d,dscho,2014-04-11 21:45:52
59b3a730ce2129f9274696ed3e18967401249935,vfr-nl,2014-04-13 09:38:01
5e6e34a3a5f50bb27d87b8c19875010bb011b6ce,dscho,2014-04-13 16:40:17
d85e36d62f275c5315fe85d41305307e06e08409,anaisbetts,2014-04-14 07:50:37
9bccadc086a25da4157378be6aa5ea6c876452d0,anaisbetts,2014-04-14 08:06:53
17c97fa3879ee970e6e6a5379f4e3e757edab6ee,half-ogre,2014-04-14 18:03:16
dc273363dbab6f6ad9c4c18142277226a4732ac6,bbodenmiller,2014-04-14 21:43:08
117131d25c1cd0f963f402c0fc210f1d3c4ecee9,bbodenmiller,2014-04-14 21:43:45
823417d6fef93c615466730f6e53e929af84a7ae,dscho,2014-04-15 01:23:11
afa77d814b2e6cf5625213b888bcb60cac113979,dscho,2014-04-15 01:23:46
21ab21125a3f16639fff1dc70df0d82fc46a7565,dscho,2014-04-15 18:23:56
ce1f50efd0a263fd823ebbbbdf5189bbcc9723c4,dscho,2014-04-15 19:16:11
eeaeecbbefd412e4d19b77f662c1a9d2d32bf43a,kusma,2014-04-15 20:19:43
2e1502a81afc42f26d516fc86705d0dd06d7c347,kusma,2014-04-15 20:27:40
3b2d5a078d20ce798aa11ccb0c39a20e84b14de2,anaisbetts,2014-04-17 19:43:28
a7d2c364b4237c2bc8b67bb5ffba17cb4b8b2d31,half-ogre,2014-04-22 19:30:02
ac5215681b834ec1f7b4fec5fcf678dbac045f9d,ikkebr,2014-04-29 18:49:56
5873e5938cba0cc801100cbd7f8e6c46d93e1087,dscho,2014-05-05 14:40:56
3fb005e1005be3b4f0edd97fd2bba086264d5942,stuyvenberg,2014-05-05 21:43:24
c7cd320073f1031c6f8556bc13ca79bc6c749cb4,dscho,2014-05-05 21:56:12
ea4aca3a78f574b5141b425cbf840567deaa2d46,shiftkey,2014-05-29 22:42:00
930d661bb5ada878559fe3e65cd9f532b51717e9,kusma,2014-06-05 15:33:54
cd33649d02bb581adc94b53e81cd5b79eddb14da,kusma,2014-06-05 15:34:11
d01ef81f975dcdf774d556c338ca27e291dd8a5d,kusma,2014-06-05 15:34:24
03bf3e4d2c8c53feeb8b9689cb6107a7b4fde4f4,kusma,2014-06-05 15:34:35
d616606c6db2658b68edb258b3eeaddec95596fb,dscho,2014-06-05 15:51:06
7c7ed4bc401e69bb64a6f17c41180f9b73996ce2,t-b,2014-06-10 16:08:58
2ebae6af82dc2372f3ff0562a9ec81d44a54ed28,dscho,2014-06-10 22:41:02
66e6ac2147c0b840cb632c294f22bcf29fb5a970,t-b,2014-06-11 18:14:37
b0267f61ddf3dece3ba79f517ed4e9ea605a89a4,t-b,2014-06-11 18:12:07
7649771d912836c1c588c2923030ac06c4ced1c0,dscho,2014-06-12 14:54:03
b3223f0c86ce5b74e4a5a6485e3b66fcd4cd0599,kusma,2014-06-13 06:54:20
6d98349f44ba975cf6c762a720f8259a267ea445,shiftkey,2014-06-13 10:32:35
8f14bf7823253a126dd6445e30080a7e6d4475c1,dscho,2014-06-13 13:16:01
a41e0aedf18b013a7ee9f8161abf2b7f2da10b04,ctrueden,2014-06-19 19:35:36
2dd985e5367c2b65220fcad6f63c8559756257d7,dscho,2014-06-19 19:39:13
72920aa97e6e4b7cb7964bbfbc637df3ab2115ab,ctrueden,2014-06-19 20:47:41
fd0d8400e30e82df1c61afe8b62e7eddf5ff8e20,dscho,2014-06-20 15:11:25
7cea691d2e3c88e3658958c7680e9ba0385b6add,ctrueden,2014-06-19 20:53:13
903b82ecadd6ccc466cf9030b193ec8d250a4740,dscho,2014-06-20 15:11:59
01549c0401b6a24dc8b0afa1778740279972bef2,shirosaki,2014-06-24 18:02:11
78537fa3964002a53c9915fcadc2cc059f14390a,dscho,2014-06-24 18:12:35
4f2618e1d8f0b5e98d7e2d5efb82248fd6eb055c,dscho,2014-06-25 13:34:35
cee504546a1d8e83e507ed0962a5c8af7419282e,t-b,2014-07-25 18:53:56
754feef4cbf54bcd96ccc0b82d5ffa6f5d546a98,t-b,2014-07-25 19:18:33
607e132feefdd8cc10281b18eaea0a16287a6b6d,t-b,2014-08-05 13:01:06
d883c29df3fee0adb6c3173b46734999fe861511,t-b,2014-08-05 11:43:25
c5e663d25aa4222ec9e85ca82d6706f3f10a784a,madskristensen,2014-08-05 15:08:18
8c546052804309a9e3bf8cdf86d7f8bb1f2d646d,dscho,2014-08-05 19:31:05
e7b329ca8c37d3b1b58ff766443c143e7920274c,kblees,2014-08-07 09:16:45
d8402fb5e72c91aafea8592b867cbcf8880cb7c1,dscho,2014-08-07 10:04:06
73d30f83cc0ea19f6b1fe70d6a86be17b670fff3,t-b,2014-08-13 11:13:51
c6b5750513492c5744466ccf351d43593aeae2c1,t-b,2014-08-13 11:14:18
9e55a3814f9724eb361c3beb04add3a0f5456331,t-b,2014-08-13 11:21:54
ced51efde8e68d5ac18a0106170e881e59e1e06f,t-b,2014-08-13 11:24:45
591158c6efbf7a3536030603162b3c3282ffaec3,t-b,2014-08-13 11:24:45
35a7183081fc14aa854e39ef625fe7eec231f23b,t-b,2014-08-13 11:24:45
93e7f2a6e71046c30fc371b6fbc043a42c95c3c0,dscho,2014-08-13 20:36:09
7ea54b6eb0182d4f84de97a73773e647df7bc40d,t-b,2014-08-13 10:56:56
901088125d59345bb37f151507d6687e4deca6e0,dscho,2014-08-14 14:07:59
4b92a00786198f82f80549722ced8ee47a22710c,t-b,2014-08-14 15:06:14
094c8e1b72338c1290df6ae0f57d5382bb0b45dc,sschuberth,2014-08-15 14:19:45
fc76fe6195a9cdba5dd197fc1bfdd850d9b60a05,t-b,2014-08-06 14:41:50
69420da37bb2674af28e92cb9459aba58bdf32b5,t-b,2014-08-15 16:20:18
e4d948b19a5959d5c692e66d24ca0a9adf911653,t-b,2014-08-15 17:18:58
63a5c7631c6955eed85cdaf66fffa66a08c9e7ab,kblees,2014-08-15 19:03:24
5bdb1c4ed0c85777c29677d9a66b7beafe1eadae,t-b,2014-08-16 09:11:58
6480c303e0148a95f507047dccce8ed0a4e15b7b,sschuberth,2014-08-28 21:51:23
19e7d11ed7ac94aabaaff3c4d4ac6aeb99571b3b,sschuberth,2014-08-28 22:05:42
69703d1db91577f4c666e767a6ca5ec50a48d243,shiftkey,2014-09-01 10:20:18
439b0e336d81c5bd563df21595533af7d7c40c40,shiftkey,2014-03-10 10:56:27
a5d0898d4be7df1f9a68d2f552fcaec35ffdfff8,joshvera,2014-09-09 16:29:51
a6018d3fe8a4f618361f5d0a9c0e1ba0b0f3c1d8,ADTC,2014-09-15 09:38:28
c00ce10aa336c5d6c7ee2b123dfbd0488fb998a7,ADTC,2014-09-15 10:12:08
438f29b6b32949ea31578ac79473a61c9836ac9d,dscho,2014-09-15 10:42:00
053bf56c3c7f5003f6ef0f505fb1b6b4757b1889,t-b,2014-09-25 11:51:20
00a21cc6cd661e8ac9927f0baae08dcccd975563,t-b,2014-09-29 21:35:30
6229c2e4ac0268974a22270860e80d4744758ac0,t-b,2014-09-29 22:13:15
fc0c8218091f10ec26885c7fe63cc2811344994d,t-b,2014-09-29 22:56:57
dd5023c25b6784f5092beea475d2392b098bc35f,niik,2014-10-01 21:33:41
ed44d00daa128db527396557813e7b68709ed0e2,shiftkey,2014-10-01 21:37:12
fd6b3c6c92759c4020dad401979d0f3a7321613e,haacked,2014-10-16 17:35:19
571a4e1be490f4676ed5e3b9420b27b03cb7a73a,yuvale,2014-11-02 13:35:30
c047b859275d3139566636ca58064f129f262590,dscho,2014-11-04 13:21:54
43f997712f85b362671bc147a0442f4e6febac44,bbodenmiller,2014-11-09 10:00:09
06efe409f6cf24eb2b062fa28b94ba96c5a60341,dscho,2014-11-09 11:13:37
b4af9cc9aa706ed41fb6b3eeab83f489a535eab7,dscho,2014-11-12 10:48:24
e048142ee399d2240cf3d8f092b908646d815c81,Hobby-boy,2014-11-15 00:05:18
52fdd399f8b72ed481db4eaec12e0765a8291f1b,dscho,2014-11-15 09:20:15
adb4e12614d8beb7b61ff76909256821a8a21b3a,dscho,2014-12-17 19:54:13
d4a838e73e2331c70f65c4aa61b4436a3059ea1d,dscho,2014-12-17 21:19:36
c57e9f72ae8759f9d2b21d02553cb2528987968a,shiftkey,2014-12-19 00:04:53
b7fe53d59bfe6b20d717ecfba64a1d359f869d25,shiftkey,2014-12-19 00:06:39
c2ba306e536fdf878271f7fe636a147ff37326ad,shiftkey,2014-12-19 04:36:33
