benogle,2013-12-21/2014-05-28,2014-05-28/2015-01-28
kevinsawicki,2014-01-10/2014-02-10,2014-02-11/2014-02-23,2014-02-23/2014-03-03,2014-03-03/2014-04-25,2014-04-25/2014-06-10,2014-06-10/2014-07-02,2014-07-02/2014-08-26,2014-08-26/2015-04-09,2015-04-09/2015-05-26,2015-05-26/2015-08-04
nathansobo,2014-01-16/2014-09-17,2014-09-17/2014-12-02,2014-12-02/2014-12-08,2014-12-08/2015-01-05,2015-01-06/2015-01-15,2015-01-15/2017-04-10
zcbenz
a2
izuzak,2015-02-09/2015-02-15
simurai,2015-02-10/2015-07-25,2015-07-25/2016-03-25,2016-03-25/2016-06-18
maxbrunsfeld,2015-04-07/2017-03-20
mnquintana,2015-04-09/2015-05-27,2015-05-27/2015-07-31
jerone
damieng,2016-06-11/2016-06-13,2016-06-13/2016-06-24
Ingramz
thomasjo
lee-dohm,2016-12-22/2016-12-26
matthewwithanm
as-cii
smashwilson
50Wliu,2018-02-13/2018-02-17
jasonrudolph,2018-09-25/2018-10-02
