devoncarew,2018-08-07/2018-08-13,2018-08-13/2018-08-20,2018-08-20/2018-08-29,2018-08-30/2018-09-07,2018-09-07/2018-09-20,2018-09-21/2018-09-24,2018-09-24/2018-09-27,2018-09-27/2018-10-01,2018-10-03/2018-10-05,2018-10-05/2018-10-16,2018-10-16/2018-11-28,2018-11-28/2018-12-13,2018-12-13/2018-12-17,2018-12-17/2019-01-02,2019-01-04/2019-01-07,2019-01-11/2019-01-13,2019-01-14/2019-01-17,2019-01-18/2019-01-22,2019-01-23/2019-01-25,2019-01-25/2019-01-28,2019-02-01/2019-02-04,2019-02-08/2019-02-11,2019-02-16/2019-02-18,2019-02-23/2019-02-25,2019-02-25/2019-02-28,2019-03-01/2019-03-07,2019-03-09/2019-03-12,2019-03-12/2019-03-14,2019-03-14/2019-03-19,2019-03-19/2019-04-05,2019-04-05/2019-04-07,2019-04-08/2019-04-14,2019-04-15/2019-04-25,2019-04-25/2019-04-29,2019-04-29/2019-05-02,2019-05-03/2019-05-24,2019-05-24/2019-05-29,2019-05-30/2019-06-10,2019-06-10/2019-06-17,2019-06-17/2019-06-19
DanTup,2018-09-06/2018-09-17,2018-09-17/2018-09-19,2018-09-20/2018-09-24,2018-09-25/2018-10-03,2018-10-03/2018-10-08,2018-10-10/2019-01-22,2019-01-22/2019-01-29,2019-01-31/2019-02-04,2019-02-07/2019-02-12,2019-02-14/2019-02-19,2019-02-21/2019-03-04,2019-03-04/2019-03-06,2019-03-07/2019-03-11,2019-03-11/2019-03-14,2019-03-14/2019-03-25,2019-03-26/2019-03-28,2019-03-28/2019-04-01,2019-04-01/2019-04-03,2019-04-03/2019-04-08,2019-04-08/2019-04-16,2019-04-19/2019-04-24,2019-04-26/2019-04-29,2019-05-01/2019-05-06,2019-05-06/2019-06-12
jacob314,2018-11-29/2018-12-04,2018-12-04/2018-12-17,2018-12-17/2018-12-23,2018-12-23/2018-12-26,2018-12-26/2019-01-04,2019-01-04/2019-01-07,2019-01-08/2019-01-17,2019-01-18/2019-01-23,2019-01-23/2019-01-25,2019-01-25/2019-01-30,2019-01-30/2019-02-07,2019-02-07/2019-02-09,2019-02-09/2019-02-11,2019-02-11/2019-02-13,2019-02-13/2019-02-20,2019-02-23/2019-03-01,2019-03-01/2019-03-05,2019-03-05/2019-03-08,2019-03-08/2019-04-11,2019-04-11/2019-04-29,2019-04-29/2019-05-02
kenzieschmoll,2018-12-14/2018-12-17,2018-12-17/2018-12-20,2018-12-20/2018-12-27,2018-12-28/2019-01-03,2019-01-03/2019-01-07,2019-01-11/2019-01-16,2019-01-18/2019-01-22,2019-01-22/2019-01-25,2019-01-25/2019-01-28,2019-01-31/2019-02-07,2019-02-08/2019-02-11,2019-02-15/2019-02-21,2019-02-23/2019-02-26,2019-02-26/2019-03-01,2019-03-01/2019-03-04,2019-03-05/2019-03-11,2019-03-11/2019-03-13,2019-03-13/2019-03-15,2019-03-15/2019-03-20,2019-03-21/2019-03-26,2019-03-27/2019-04-02,2019-04-03/2019-04-10,2019-04-12/2019-04-15,2019-04-16/2019-04-19,2019-04-19/2019-04-23,2019-04-26/2019-04-29,2019-05-04/2019-05-06,2019-05-06/2019-05-09,2019-05-10/2019-05-17,2019-05-17/2019-05-20,2019-05-20/2019-05-30,2019-05-30/2019-06-03,2019-06-07/2019-06-13,2019-06-13/2019-06-17
pq
kevmoo
terrylucas,2019-02-22/2019-02-25,2019-02-26/2019-02-28,2019-03-01/2019-03-05,2019-03-08/2019-03-11,2019-03-11/2019-03-13,2019-03-15/2019-03-21,2019-03-21/2019-03-25,2019-03-28/2019-04-04,2019-04-04/2019-04-11,2019-04-11/2019-04-15,2019-04-15/2019-04-17,2019-04-17/2019-04-30,2019-04-30/2019-05-03
grouma
jakemac53,2019-03-06/2019-05-01
mit-mit,2019-03-28/2019-05-21
johnpryan,2019-04-25/2019-04-29
goderbauer
