JeffreyWay,2014-10-07/2014-10-09,2014-10-11/2014-10-13,2014-10-21/2014-10-23,2014-10-25/2014-10-30,2014-10-30/2014-11-05,2014-11-05/2014-11-13,2014-11-14/2014-11-20,2014-11-23/2014-11-26,2014-11-28/2014-12-05,2014-12-05/2014-12-11,2014-12-11/2014-12-20,2014-12-20/2015-01-11,2015-01-12/2015-01-23,2015-01-23/2015-01-28,2015-01-28/2015-01-30,2015-01-30/2015-02-02,2015-02-02/2015-02-04,2015-02-04/2015-02-06,2015-02-06/2015-02-24,2015-02-25/2015-03-09,2015-03-11/2015-03-13,2015-03-13/2015-03-22,2015-03-23/2015-03-25,2015-03-25/2015-03-29,2015-03-29/2015-04-02,2015-04-04/2015-04-07,2015-04-08/2015-04-13,2015-04-13/2015-04-27,2015-04-27/2015-05-05,2015-05-05/2015-05-12,2015-05-12/2015-05-15,2015-05-15/2015-05-21,2015-05-21/2015-05-26,2015-05-27/2015-06-01,2015-06-01/2015-06-03,2015-06-05/2015-06-07,2015-06-08/2015-06-13,2015-06-13/2015-06-16,2015-06-16/2015-07-06,2015-07-06/2015-07-27,2015-07-27/2015-08-03,2015-08-03/2015-08-07,2015-08-07/2015-08-09,2015-08-09/2015-08-19,2015-08-20/2015-08-25,2015-08-25/2015-08-27,2015-08-27/2015-09-02,2015-09-02/2015-09-07,2015-09-08/2015-09-29,2015-09-29/2015-10-03,2015-10-03/2015-10-09,2015-10-09/2015-10-13,2015-10-14/2015-10-25,2015-10-25/2015-11-02,2015-11-02/2015-11-20,2015-11-22/2015-12-01,2015-12-01/2015-12-05,2015-12-05/2015-12-08,2015-12-08/2015-12-10,2015-12-10/2015-12-15,2015-12-15/2015-12-28,2015-12-28/2016-01-04,2016-01-04/2016-01-11,2016-01-12/2016-01-27,2016-01-27/2016-01-30,2016-01-30/2016-02-07,2016-02-10/2016-02-20,2016-02-20/2016-03-07,2016-03-07/2016-03-10,2016-03-10/2016-03-16,2016-03-16/2016-03-30,2016-04-01/2016-04-04,2016-04-05/2016-04-27,2016-04-27/2016-04-29,2016-04-30/2016-05-13,2016-05-13/2016-05-15,2016-05-15/2016-05-18,2016-05-22/2016-05-26,2016-05-27/2016-05-29,2016-06-03/2016-06-06,2016-06-07/2016-06-20,2016-06-22/2016-06-26,2016-06-29/2016-07-01,2016-07-02/2016-07-04,2016-07-05/2016-07-11,2016-07-12/2016-07-22,2016-07-22/2016-08-08,2016-08-08/2016-08-12,2016-08-12/2016-08-23,2016-08-23/2016-08-25,2016-08-25/2016-09-02,2016-09-02/2016-09-13,2016-09-13/2016-10-12,2016-10-12/2016-11-02,2016-11-02/2016-11-06,2016-11-06/2016-11-16,2016-11-16/2016-11-22,2016-11-22/2016-11-30,2016-11-30/2017-09-19,2017-09-19/2017-12-06,2017-12-06/2017-12-18,2017-12-18/2018-04-09,2018-04-09/2019-02-02
taylorotwell,2014-10-04/2014-10-09,2014-10-10/2014-12-08,2014-12-08/2015-05-23,2015-05-23/2015-06-29,2015-06-29/2015-08-13,2015-08-13/2015-09-02
ryun
james2037
bencorlett,2014-10-13/2014-10-23
pedroborges
Marwelln
skrajewski
ChrisRM
doerofthedo
pavel-voronin
jonathanpmartins
skinnomecom
lukasoppermann
fredriklaason
damienfa
juiceland
morrislaptop
hownowbrowncow
pespantelis
tymondesigns
skyrpex
stackia
jwpage
Landish
Metrakit
qgates
mvdstam
josezenem
chipbell4
Saartje87
edpelesh
chrispecoraro
linroex,2015-05-31/2015-06-07
rrosiek
arthurvr
Helfull
JoelESvensson
remkobrenters
mozmorris
joecohens
jordonbaade
snipe
fuelingtheweb
thecrypticace,2015-09-08/2016-05-29,2016-05-30/2016-06-02
angusfretwell
stephandesouza
josescgar
claudiodekker
jwalton512
furdarius
jeroennoten
jonhassall
lucasmichot
jnbn
peterfox
ricardogobbosouza,2015-12-05/2015-12-08,2015-12-08/2015-12-15,2015-12-15/2016-04-21,2016-04-21/2016-05-20,2016-05-20/2016-06-06,2016-06-06/2016-06-27,2016-06-27/2016-08-02
odbayar
hosmelq,2015-12-29/2016-01-28
zupolgec
gaomd
parsnick
kuiqiang
Inch4Tk
atthakorn
adriandmitroca
amouillard
gabsource
vinkla
recca0120,2016-05-26/2016-06-22
StefanoMagrassi
ikoolik
teriu
JoshTheWanderer
ikari7789
JoeCianflone
jeffturcotte
PMK
SebastianS90
dciancu
desicochrane
DanVeira
adriaanzon
zhuangya
tinyfly
ohbarye
