JoelMarcey,2017-07-07/2017-07-12,2017-07-12/2017-07-28,2017-07-28/2017-08-07,2017-08-08/2017-08-16,2017-08-17/2017-09-27,2017-09-29/2017-10-03,2017-10-06/2017-10-18,2017-10-20/2017-10-22,2017-10-22/2017-10-24,2017-10-26/2017-10-30,2017-11-02/2017-11-09,2017-11-09/2017-11-11,2017-11-11/2017-11-13,2017-11-14/2017-11-16,2017-11-17/2017-12-04,2017-12-04/2017-12-06,2017-12-08/2017-12-11,2017-12-15/2017-12-17,2017-12-21/2017-12-27,2017-12-28/2018-01-03,2018-01-04/2018-01-09,2018-01-09/2018-01-12,2018-01-12/2018-01-22,2018-01-24/2018-01-30,2018-01-30/2018-02-01,2018-02-01/2018-02-04,2018-02-04/2018-02-12,2018-02-13/2018-02-16,2018-02-17/2018-02-19,2018-02-19/2018-02-26,2018-02-26/2018-02-28,2018-03-01/2018-03-07,2018-03-08/2018-03-12,2018-03-13/2018-03-15,2018-03-16/2018-03-19,2018-03-19/2018-04-08,2018-04-10/2018-04-12,2018-04-12/2018-04-18,2018-04-18/2018-04-20,2018-04-20/2018-04-23,2018-04-24/2018-05-03,2018-05-04/2018-05-06,2018-05-06/2018-05-12,2018-05-12/2018-05-17,2018-05-17/2018-05-21,2018-05-21/2018-05-23,2018-05-23/2018-05-26,2018-05-26/2018-06-06,2018-06-06/2018-06-10,2018-06-12/2018-06-14,2018-06-15/2018-06-17,2018-06-19/2018-08-01,2018-08-01/2018-08-20,2018-08-20/2018-09-08,2018-09-08/2018-09-12,2018-09-12/2018-10-05,2018-10-05/2018-10-17,2018-10-17/2018-11-21,2018-11-21/2018-11-26,2018-11-26/2018-12-04,2018-12-04/2018-12-07,2018-12-07/2018-12-14,2018-12-14/2019-01-24,2019-01-25/2019-03-19,2019-03-19/2019-06-07
sdwilsh
deltice,2017-07-13/2017-07-17,2017-07-18/2017-07-21,2017-07-21/2017-07-24,2017-07-25/2017-08-03,2017-08-03/2017-08-07,2017-08-11/2017-08-14,2017-08-17/2017-09-06
ericvicenti,2017-08-08/2017-08-16
ericnakagawa,2017-08-07/2017-08-09,2017-08-10/2017-09-06,2017-09-07/2017-09-20,2017-09-22/2017-09-25,2017-09-29/2017-10-03,2017-10-03/2017-10-06,2017-10-06/2017-10-18,2017-10-19/2017-10-24,2017-10-26/2017-11-13,2017-11-13/2017-12-13,2017-12-13/2018-02-02,2018-02-02/2018-04-23,2018-04-23/2018-06-06,2018-06-06/2018-09-06
hramos,2017-08-16/2017-08-25,2017-08-25/2017-09-25,2017-09-25/2017-09-29,2017-09-29/2017-10-04,2017-10-05/2017-10-20,2017-10-20/2017-10-24,2017-10-27/2017-10-30,2017-10-31/2017-11-15,2017-11-15/2017-11-21,2017-11-21/2017-11-27,2017-11-27/2017-12-04,2017-12-05/2017-12-07,2017-12-08/2017-12-12,2017-12-12/2017-12-18,2017-12-19/2018-01-11,2018-01-11/2018-01-26,2018-01-26/2018-02-01
vjeux,2017-09-18/2017-10-18,2017-10-19/2017-11-01,2017-11-01/2017-11-14,2017-11-14/2018-04-20
rickyvetter,2017-09-22/2017-09-26,2017-09-26/2017-10-03,2017-10-03/2017-10-12,2017-10-12/2017-10-18,2017-10-18/2017-10-23,2017-10-23/2017-10-26,2017-10-26/2017-10-30,2017-10-31/2017-11-16,2017-11-16/2017-12-04,2017-12-04/2017-12-06,2017-12-06/2017-12-12,2017-12-12/2017-12-20,2017-12-20/2018-01-04
caabernathy,2017-11-10/2017-11-15,2017-11-15/2018-04-30
chenglou,2017-12-04/2018-01-11,2018-01-11/2018-07-01
kassens
darren128
richardzcode,2017-12-14/2017-12-18,2017-12-20/2018-01-12
wmonk
yeskunall
ForbesLindesay
azu,2017-12-18/2018-05-23
aadsm,2017-12-18/2017-12-20,2017-12-20/2018-04-12
neilsutcliffe,2017-12-18/2017-12-20
geekyd
nyaapass
tbroadley
lachlanjc
coliff,2017-12-20/2019-05-23
atilacamurca
micksatana
dijonkitchen
artiebits,2017-12-27/2018-05-25
ThomasG77
filipdanic
qcz
ppatel221
ikatyang
kotakanbe
souhe
rickhanlonii
haydenevans
cowlingj
juanpicado,2018-01-22/2018-02-27,2018-02-27/2019-04-27
sunnylqm,2018-01-23/2018-02-20,2018-02-20/2018-03-13
hzoo
hshoff
sufuf3
haraldur12
larsville
tom-auger,2018-02-11/2018-08-10,2018-08-10/2018-09-12
maazadeeb,2018-02-12/2018-02-15
Glavin001
gedeagas,2018-02-13/2018-05-10
justinmusgrove
st0012
microbouji,2018-02-28/2018-03-04,2018-03-04/2018-03-14,2018-03-14/2018-03-28,2018-03-28/2018-04-04
cheercroaker
atroncy
miralemd,2018-03-07/2018-08-21
aimeerpierce
ronami
ashleytqy
pestevez
Happy-Ferret
b-morawiec
ryzokuken
yangshun,2018-04-04/2018-04-08,2018-04-10/2018-04-14,2018-04-15/2018-04-17,2018-04-17/2018-04-23,2018-04-30/2018-05-03,2018-05-04/2018-05-06,2018-05-07/2018-05-11,2018-05-11/2018-05-21,2018-05-22/2018-05-24,2018-05-24/2018-05-26,2018-05-26/2018-06-10,2018-06-11/2018-06-16,2018-06-16/2018-06-18,2018-06-18/2018-06-20,2018-06-21/2018-06-24,2018-06-25/2018-06-27,2018-06-27/2018-06-30,2018-06-30/2018-07-06,2018-07-08/2018-07-10,2018-07-11/2018-08-07,2018-08-07/2018-08-30,2018-08-30/2018-09-12,2018-09-12/2018-09-17,2018-09-17/2018-09-19,2018-09-19/2018-10-04,2018-10-05/2018-10-07,2018-10-07/2018-10-10,2018-10-10/2018-10-13,2018-10-14/2018-10-16,2018-10-16/2018-10-20,2018-10-20/2018-10-22,2018-10-23/2018-10-26,2018-10-27/2018-10-29,2018-11-01/2018-11-03,2018-11-03/2018-11-07,2018-11-07/2019-01-24,2019-01-24/2019-01-29,2019-01-29/2019-02-08,2019-02-09/2019-02-23,2019-02-25/2019-03-02,2019-03-05/2019-03-07,2019-03-07/2019-03-09,2019-03-09/2019-03-11,2019-03-11/2019-03-13,2019-03-14/2019-03-20,2019-03-21/2019-03-24,2019-03-25/2019-03-27,2019-03-27/2019-03-29,2019-03-31/2019-04-02,2019-04-02/2019-04-06,2019-04-06/2019-04-09,2019-04-10/2019-04-13,2019-04-13/2019-04-15,2019-04-16/2019-04-20,2019-04-25/2019-04-27,2019-04-30/2019-05-02,2019-05-06/2019-05-08,2019-05-08/2019-05-13,2019-05-13/2019-05-15,2019-05-17/2019-05-22,2019-05-22/2019-05-26,2019-05-28/2019-05-31,2019-05-31/2019-06-02,2019-06-11/2019-06-15
jeis2497052
amyrlam,2018-04-08/2018-04-10,2018-04-11/2018-04-17,2018-04-18/2018-04-28,2018-04-28/2018-05-03,2018-05-03/2018-05-08,2018-05-08/2018-05-16,2018-05-18/2018-10-02
InternetExplorer7,2018-04-10/2018-04-14
MisterTea
SBrown52
limonte
iRoachie
zkochan,2018-04-14/2018-06-02,2018-06-02/2019-01-15
SleepWalker,2018-04-17/2018-05-04,2018-05-04/2018-06-10,2018-06-10/2018-10-25,2018-10-25/2019-06-06
huang-x-h
shikaan
longility
stevenzeck
dgracehmh
balloob,2018-04-29/2018-05-31
ramiel
AmitHarlev
pixelastic
SoonaMata
olistic,2018-05-03/2018-05-09
Airse
ahmadalfy,2018-05-06/2018-05-08,2018-05-09/2018-12-24,2018-12-24/2019-01-24
zenflow
zpao,2018-05-07/2019-02-06,2019-02-06/2019-02-12
resir014
endiliey,2018-05-16/2018-05-18,2018-05-19/2018-05-31,2018-05-31/2018-06-02,2018-06-03/2018-06-06,2018-06-10/2018-06-17,2018-06-17/2018-06-19,2018-06-19/2018-06-23,2018-06-24/2018-06-26,2018-06-27/2018-06-29,2018-06-29/2018-07-01,2018-07-01/2018-07-04,2018-07-04/2018-07-06,2018-07-06/2018-07-09,2018-07-09/2018-07-13,2018-07-13/2018-07-15,2018-07-16/2018-07-18,2018-07-18/2018-07-20,2018-07-21/2018-07-24,2018-07-24/2018-07-27,2018-07-30/2018-08-01,2018-08-08/2018-08-10,2018-08-12/2018-08-23,2018-08-26/2018-08-28,2018-08-30/2018-09-02,2018-09-07/2018-09-11,2018-09-18/2018-09-21,2018-09-22/2018-09-25,2018-09-25/2018-09-28,2018-09-28/2018-10-08,2018-10-08/2018-10-23,2018-10-25/2018-10-27,2018-10-28/2018-10-30,2018-10-30/2018-11-08,2018-11-08/2018-11-11,2018-11-11/2018-11-20,2018-11-21/2018-11-23,2018-11-23/2018-12-02,2018-12-02/2018-12-04,2018-12-04/2018-12-07,2018-12-07/2018-12-11,2018-12-11/2019-03-04,2019-03-04/2019-03-06,2019-03-07/2019-03-14,2019-03-14/2019-03-20,2019-03-21/2019-03-23,2019-03-25/2019-03-27,2019-04-01/2019-04-03,2019-04-04/2019-04-06,2019-04-10/2019-04-13,2019-04-13/2019-04-16,2019-04-16/2019-04-18,2019-04-18/2019-04-20,2019-04-21/2019-04-23,2019-05-03/2019-05-06,2019-05-11/2019-05-13,2019-05-18/2019-05-20,2019-05-22/2019-05-24,2019-05-25/2019-05-28,2019-05-30/2019-06-02,2019-06-04/2019-06-06,2019-06-07/2019-06-15
githubsaturn,2018-05-19/2019-02-23
NoamELB
sujono91
philipmjohnson
violabg
sebelga
gimdongwoo
gustavohenke,2018-06-02/2018-06-14
ranolf
Themandunord
vacarsu
brenopolanski
skratchdot
Kelltimo
ayshiff
rupeshparab
maxogden
jonathaningram
dominikriemer
anru
Rendez
Thai56
JKHeadley
ngyikp
RhysBower
alocke12992
steevehook
theletterf
helloworld
machikoyasuda
dballance
jreese
parano
monkeywithacupcake
willingc
WillBrock,2018-08-07/2018-10-08
shaform
apuravchauhan
medz
patapizza
mikalai-silivonik
jaril,2018-08-25/2018-09-01
notlmn
nchanged
sbansal3096
tirthbodawala,2018-09-02/2018-10-17
wszgxa,2018-08-30/2018-09-01,2018-09-01/2018-09-03
EthanMarrs
fiennyangeln,2018-09-09/2018-09-30,2018-09-30/2018-10-08,2018-10-08/2018-10-14,2018-10-14/2018-10-18,2018-10-18/2019-01-24,2019-01-24/2019-02-26
ashwini0529
saranshkataria
muuvmuuv
DABH
alkshendra
Atul9
ersul4ik
third774
tanhauhau,2018-10-12/2018-10-14
vikr01
alexdriedger
hobofan
bildungsroman
M4rk9696
sinodko
hieunc229
aenuros
claneo
phated
huguestennier
goksu
Rajekevin
sunitasen
shahednasser
andrewShillito
alexperez
kahkhang
wgao19,2018-11-11/2019-05-17,2019-05-17/2019-05-29,2019-05-29/2019-06-01,2019-06-01/2019-06-03,2019-06-07/2019-06-09,2019-06-09/2019-06-13
noraj,2018-11-11/2019-05-31
Shriram-Balaji
tsmrachel,2018-11-19/2018-12-07,2018-12-07/2019-01-23
maxaggedon
gianlucadonato
ellereeeee
domcorvasce
jakebolam,2018-12-04/2019-03-19
morleym
thecodechef
teimurjan
mikeattara,2018-12-24/2019-01-03
19majkel94
jrwats
haoqiang
YifanM
SimenB
zakariaharti
BTMPL
jeromesimeon
bartanthonissen
YoshinoriN
marvinchin
sinchang
ahtee
ael-mas
natemago
co16353sidak
CPSTL
alexkrolick
vikrantsinghthakur
parthpp
nodkz
akinariobi
pkowaluk
murray-b
Alan-Cha
radekmie,2019-04-22/2019-04-24
ntucker
jamesgeorge007,2019-04-26/2019-05-01
baloghroland
wilsonmar
NishealJ
Hongarc,2019-04-30/2019-05-03,2019-05-03/2019-05-16,2019-05-19/2019-06-02
qiu8310
zachbadgett
TurekBot
shakcho
palmer-cl
configcat
manzinello
sadikkuzu
Triskae
SamChou19815
tusharf5,2019-05-27/2019-05-30,2019-05-30/2019-06-05
nickbui729
jdhines
kent-williams
Danon
ericbuss,2019-06-10/2019-06-13
bradenhs
shawntabrizi
Elrendio
olafurpg
dhurlburtusa,2019-06-17/2019-06-19
