simonmar,2014-06-11/2014-06-15,2014-06-16/2014-07-23,2014-07-23/2014-11-22,2014-11-22/2015-04-15,2015-04-15/2015-07-17,2015-07-17/2015-10-29,2015-10-29/2016-05-23,2016-05-23/2017-10-27,2017-10-27/2018-06-22
jfischoff
aledista
23Skidoo
ravenjohn
ChristopherBiscardi
juhp
niteria,2014-06-23/2016-11-22
JonCoens,2014-06-26/2016-06-21,2016-06-21/2016-06-28,2016-06-28/2016-09-22,2016-09-22/2016-10-04,2016-10-04/2017-04-07,2017-04-07/2017-06-07,2017-06-07/2017-06-12,2017-06-12/2017-06-15
watashi,2014-07-17/2014-08-22,2014-08-22/2014-09-08,2014-09-08/2015-02-09,2015-02-09/2015-03-11,2015-03-11/2015-04-10,2015-04-10/2015-10-16,2015-10-16/2015-12-29,2015-12-29/2016-03-17,2016-03-17/2016-12-19,2016-12-19/2017-07-12,2017-07-12/2018-11-21,2018-11-21/2018-12-07,2018-12-07/2019-04-05,2019-04-05/2019-04-08,2019-04-08/2019-04-10
zudov
k-bx
xich,2014-09-29/2014-11-20,2014-11-20/2015-09-18,2015-09-18/2016-05-07,2016-05-07/2016-05-10,2016-05-10/2016-06-03,2016-06-03/2016-06-14,2016-06-14/2016-07-28,2016-07-28/2016-08-02,2016-08-03/2016-08-22,2016-08-22/2018-07-24
phadej,2015-10-20/2015-10-29,2015-10-29/2016-02-09,2016-02-09/2016-08-10,2016-08-10/2016-10-05,2016-10-05/2016-10-07,2016-10-07/2016-12-09,2016-12-09/2017-01-06,2017-01-06/2017-01-08,2017-01-08/2017-01-12,2017-01-12/2017-04-06,2017-04-06/2017-04-17,2017-04-17/2018-03-22,2018-03-22/2018-05-21,2018-05-21/2018-06-12
algoriddle,2016-05-27/2016-05-31,2016-06-02/2016-06-04,2016-06-05/2016-06-07,2016-06-07/2016-09-30
katiejots,2016-02-29/2016-04-28,2016-04-28/2016-06-21
zilberstein,2016-05-20/2017-10-06,2017-10-06/2018-01-09
adarqui
kuk0,2016-07-22/2016-07-25
Richard-zhang
crdrost
jda
karen,2018-05-29/2019-05-14
alexbiehl
Juzley
ryandm
knekritz
malmerey
anubhav94N,2019-04-10/2019-05-09,2019-05-09/2019-05-17
