scottmac,3,4,2,2,74,4,3,5,2,3,2,4,3,2,4,2,6,2,2,2,4,3,2,2,2,3,2,2,4,13,2,4,3,2,4,4,3,11,6,2,4,2,2,2,4,5,2,5,3,2,6,6,13,12,6,4,2,10,9,4,6,5,12,2,5,3,3,5,3,5,20,2,2,2,7,6,13,3,2,16,3,3,6,6,2,2,3,21,18,36,50,5,288,152,127,71,115,40,5,74,3,1420,2959,0.05981750591416019
carsonmcdonald,1,1.0
danopia,1,1.0
metagoto,1,1.0
haiping,3,2,2,3,2,2,6,2,3,4,2,2,2,3,2,2,2,2,2,5,2,2,3,2,2,3,3,2,2,3,4,3,3,2,2,9,232,0.7241379310344828
andrewparoski,6,5,2,2,6,11,7,5,11,6,14,6,2,27,8,14,11,7,14,6,10,196,0.18877551020408162
lcastelli,3,3,8,10,6,14,39,2,2,3,3,21,8,6,6,11,2,2,4,64,221,0.1085972850678733
markw65,146,3,2,2,2,4,4,4,3,2,4,3,3,2,2,3,3,3,2,6,3,3,4,6,5,3,2,2,3,3,2,2,3,2,2,3,4,16,2,3,4,3,3,2,2,4,2,3,4,6,2,2,3,2,4,2,4,2,3,2,4,3,3,3,8,270,2,3,2,4,2,3,2,2,5,7,3,2,3,3,5,4,3,2,4,7,4,3,2,4,2,5,2,2,2,2,7,3,4,2,13,3,3,2,3,3,2,2,2,4,2,10,2,2,3,4,3,2,4,2,3,2,2,4,4,5,2,2,3,4,3,2,2,3,2,3,3,5,2,2,3,6,2,3,3,4,2,4,2,2,4,4,2,4,7,4,2,6,3,2,3,9,4,2,2,2,6,2,6,4,2,4,3,3,4,2,12,5,6,5,22,3,5,4,3,4,7,2,14,4,4,4,2,3,3,2,2,5,5,2,4,2,2,2,2,3,4,3,3,17,2,5,2,2,2,3,10,2,2,5,2,4,2,12,2,2,2,4,2,2,3,2,3,2,2,2,2,2,2,3,3,3,4,2,2,2,2,2,6,3,5,3,2,9,9,4,2,2,5,4,6,2,3,3,6,6,2,7,9,9,3,4,3,17,4,6,6,2,2,3,3,3,4,2,4,5,4,2,2,2,2,2,2,5,4,3,2,4,2,4,2,2,2,3,5,2,2,5,11,10,3,9,5,8,4,6,4,3,3,5,7,2,3,2,3,2,21,4,15,20,4,7,3,4,8,3,4,5,2,7,3,2,5,3,7,5,7,7,42,2,5,8,3,5,2,2,2,2,2,5,2,5,2,3,11,3,4,2,4,6,2,5,2,2,3,2,12,4,2,4,7,2,5,2,4,5,3,9,2,6,5,3,2,4,4,3,3,5,2,2,3,3,3,2,2,4,4,2,2,2,2,4,3,5,3,2,2,2,3,8,2,4,3,2,2,11,3,7,3,2,5,2,3,3,2,2,3,2,2,2,5,2,3,2,2,2,2,4,3,3,2,2,2,6,2,4,12,4,2,2,4,2,3,13,2,2,2,2,3,2,2,2,3,5,2,2,3,3,3,2,4,4,3,2,4,5,2,3,3,2,3,6,4,4,4,4,2,2,2,3,3,2,2,2,2,13,4,3,3,2,6,3,3,4,3,2,7,7,2,13,2,2,4,5,4,3,6,2,3,2,4,5,6,2,5,8,2,5,2,4,2,14,13,5,29,11,6,2,3,3,9,2,4,3,2,3,2,3,3,3,2,2,3,5,4,3,2,2,5,2,3,3,3230,0.3625386996904025
jasone,6,41,42,2,2,5,28,2,80,296,98,10,8,13,2,5,22,3,12,30,5,12,2,16,363,25,2,4,48,2,44,2,74,12,29,53,8,10,83,20,47,10,20,5,75,62,20,12,4,3,4,25,19,2,4,37,1876,0.03304904051172708
adsharma,35,2,6,40,84,0.05952380952380952
jeffdunn,1,1.0
paroski,33,6,2,5,7,6,2,6,6,6,5,7,16,9,14,12,4,2,2,6,12,28,12,11,2,2,7,4,3,18,4,3,297,3,2,7,11,2,4,2,3,2,6,3,2,7,18,6,12,7,24,3,38,5,3,2,3,3,5,2,10,2,5,5,2,4,2,2,10,2,5,10,7,2,2,6,6,2,3,7,3,3,3,3,3,13,4,7,17,3,3,4,5,6,5,3,3,14,5,2,2,11,2,8,2,4,9,2,4,2,2,11,3,4,2,3,3,3,2,2,4,24,5,2,7,4,5,13,2,2,5,2,3,2,4,4,3,2,7,14,7,6,9,6,14,5,15,5,7,3,5,4,15,2,3,7,2,3,2,4,16,4,13,7,8,4,8,5,2,4,2,7,11,7,7,24,18,8,6,8,24,1523,0.1608667104399212
ahupp,221,222,0.009009009009009009
jano,562,66,2,14,61,9,3,2,14,5,2,4,2,6,2,22,3,3,5,7,16,5,5,2,2,3,3,3,5,23,48,15,27,20,12,13,5,2,26,57,6,2,4,5,4,3,3,5,3,2,4,6,10,2,7,4,3,2,5,2,3,11,2,34,20,31,9,15,3,12,30,29,34,6,6,4,15,8,6,3,3,7,10,3,30,15,2,9,79,90,51,52,39,14,6,4,7,20,10,42,31,7,6,7,11,22,15,9,50,5,2,3,2,41,54,7,9,24,18,7,6,6,6,2,4,17,6,28,33,3,20,46,6,15,4,45,12,8,8,2,9,23,5,4,3,2,4,5,2,20,2,5,9,13,7,4,2,6,3,4,21,9,6,14,4,2,7,4,11,5,11,2,14,6,5,3,2,2,9,13,9,2,3,4,2,2,2,5,2,7,3,2,4,2,3,2,4,4,2,4,3038,0.11158657011191574
davidrecordon,1,1.0
oyamauchi,83,31,33,2,409,3,5,10,4,8,25,3,4,7,2,26,12,4,7,6,2,4,19,8,10,4,3,4,3,2,4,8,6,2,4,8,3,7,5,27,3,2,5,2,4,3,2,5,5,3,5,2,10,2,10,2,6,3,3,3,3,3,7,3,2,3,10,4,2,3,19,5,2,4,2,6,4,3,4,2,4,6,6,3,3,4,5,4,3,4,4,3,2,4,3,3,4,4,2,5,6,3,4,9,3,3,4,21,21,8,13,5,8,5,6,6,11,3,3,4,2,4,2,10,34,2,6,4,73,41,15,5,3,1502,0.14913448735019974
billf,84,706,3,13,19,302,17,4,48,8,6,26,3,6,5,7,16,20,3,12,4,8,23,56,29,3,38,4,3,17,14,2,18,9,5,5,16,5,23,6,10,3,13,1058,6,19,24,7,3,8,8,2,22,13,19,5,4,2,2,6,13,6,16,5,7,4,6,5,6,3,3,2,2,3,3,3,7,6,4,7,5,2,3,9,5,9,6,7,3,3026,0.04130865829477859
udat,50,51,0.0392156862745098
hashar,1,1.0
DMortens,1104,15,6,13,1139,0.004389815627743635
pgriess,1,1.0
mxw,6,2,3,2,6,8,16,3,5,4,3,2,756,28,40,6,7,7,99,2,9,3,3,5,5,3,23,21,5,5,2,3,7,2,2,6,5,5,4,4,2,2,2,3,3,28,6,5,2,2,4,3,7,5,35,3,19,4,3,6,4,6,7,2,5,3,2,4,2,4,5,12,5,8,3,9,4,2,2,3,5,2,3,2,3,4,9,5,8,5,2,4,10,4,2,4,6,5,6,6,3,4,3,7,5,3,4,3,10,9,7,3,4,10,5,28,23,5,8,5,5,3,7,2,5,3,5,4,2,3,6,2,13,4,2,2,4,4,8,5,3,3,6,3,3,2,6,7,6,2,4,3,3,3,5,7,3,3,4,3,4,2,2,2,5,5,2,3,4,2,4,3,4,3,2,4,11,5,3,2,4,21,2,11,20,8,5,3,4,14,13,2,6,30,5,7,5,6,8,8,3,2,5,2,18,14,20,3,2,2,10,13,9,6,5,6,2,14,3,4,6,6,22,5,9,9,39,8,3,35,21,4,14,5,8,22,40,7,34,23,21,3,5,6,11,27,4,7,98,4,16,15,6,32,15,2,2,5,2908,0.1358321870701513
rthibaux,1,1.0
ottoni,4,2,13,91,337,6,2,5,3,6,15,3,2,4,4,13,4,7,5,26,3,6,7,4,5,14,2,4,4,2,3,2,18,10,15,3,2,2,2,2,2,5,2,5,27,6,8,4,2,4,5,3,13,5,4,12,6,7,12,20,3,3,2,8,5,13,5,5,2,2,4,10,3,4,5,4,6,4,2,5,8,3,4,5,7,7,7,12,2,7,10,9,3,4,5,2,6,2,3,5,3,7,11,9,6,5,3,3,5,2,14,6,6,5,2,2,2,4,2,3,3,4,13,4,15,2,27,3,25,7,6,2,3,8,2,11,7,4,2,3,4,2,2,3,5,5,16,2,2,7,4,2,7,2,2,3,3,2,3,3,3,2,2,5,2,3,4,4,6,15,10,4,2,5,7,3,5,5,6,5,2,5,8,2,4,5,2,4,4,6,3,2,5,5,4,15,77,6,8,4,11,2,2,15,2,2,3,2,13,5,2,11,106,3,3,8,15,3,8,7,2,4,3,2,11,10,3,42,8,36,6,2,6,4,5,62,10,6,6,12,18,2,18,2,11,17,14,28,6,9,2,16,14,2,20,4,16,4,18,15,5,17,5,35,2,2,3,21,16,20,13,2,2,3,4,6,6,3,19,9,26,13,2,2,4,2,12,3,2,5,7,41,2,5,5,3,4,2,2,25,2,11,21,6,5,2,3,4,3,2,5,14,2892,0.15491009681881052
andrewjcg,11,19,6,41,678,5,38,491,62,741,6,46,370,15,2531,0.006321612011062821
evoloshchuk,1,1.0
jwatzman,7,939,4,5,4,3,4,2,4,2,3,4,3,2,2,5,2,3,2,7,3,2,2,3,2,11,5,5,2,5,3,3,2,3,4,2,6,5,2,6,7,11,21,4,7,5,4,4,4,2,2,2,2,3,7,2,4,4,23,4,3,5,9,2,3,3,15,2,7,13,7,3,4,6,2,4,2,6,3,3,3,4,4,3,3,3,2,3,2,4,2,4,13,3,2,4,4,2,4,2,5,2,3,2,2,3,3,4,2,5,3,2,7,4,7,3,2,2,2,3,2,5,9,3,2,2,13,2,37,28,71,12,9,7,12,25,6,75,1864,0.1276824034334764
swtaarrs,24,319,16,10,3,6,4,2,6,6,2,5,2,3,2,3,3,2,2,2,2,4,2,10,7,2,2,2,5,16,3,7,5,3,4,2,3,3,3,5,2,6,2,3,3,2,4,4,2,2,5,2,5,6,2,3,2,4,2,4,2,4,3,6,5,6,2,4,2,4,12,3,5,4,2,4,2,8,4,5,3,4,6,2,3,8,7,2,4,2,2,4,4,2,7,4,3,3,3,3,10,2,6,3,2,14,8,5,4,4,2,8,4,2,5,3,4,3,19,4,3,4,7,6,4,7,2,3,3,2,2,3,2,3,2,10,7,2,4,3,3,3,4,17,8,14,2,3,4,2,6,6,2,5,13,2,4,2,3,2,2,3,6,6,2,3,17,2,4,2,6,5,3,2,2,3,5,11,5,8,4,3,3,2,3,4,6,3,5,8,4,7,10,4,3,3,2,4,2,3,7,2,4,16,2,4,7,2,2,3,17,2,5,5,12,3,7,5,10,2,3,2,3,9,4,2,2,2,10,9,4,3,9,8,4,7,7,8,2,3,3,6,4,7,2,5,20,2,6,5,3,4,2,11,2,6,6,2,5,7,5,2,3,17,19,11,4,17,11,10,6,2,3,4,9,4,8,7,6,3,11,10,4,2,13,15,35,2,5,4,13,78,3,7,32,7,24,2,16,7,7,18,8,10,7,18,3,5,10,4,4,2,36,4,2,3,2,6,2,7,3,6,6,6,6,16,10,20,12,2,10,2,14,5,2,2,4,11,5,2,5,6,6,2,4,2,5,7,2,3,7,7,248,2821,0.2073732718894009
legalosLOTR,1,1.0
sebastianbergmann,561,156,718,0.004178272980501393
joelpob,14,5,16,70,427,334,7,58,933,0.010718113612004287
jdelong,16,3,8,2,2,10,4,9,4,2,11,5,2,3,3,2,2,3,2,3,7,2,9,2,2,2,4,8,7,2,2,4,3,5,2,2,5,2,2,3,2,3,27,4,4,2,2,5,2,2,2,2,2,2,3,2,2,2,2,2,2,2,2,2,2,2,2,2,3,4,2,2,2,2,2,2,2,2,3,3,2,2,2,3,2,2,2,2,2,3,2,2,2,2,2,2,3,2,10,2,2,2,2,2,2,4,4,4,3,2,2,3,3,2,2,2,3,2,2,2,5,2,2,2,2,2,8,2,2,2,3,2,2,2,5,7,2,3,5,36,5,2,2,2,4,3,2,2,3,2,2,2,2,2,2,3,2,6,5,4,2,3,3,6,3,2,2,3,3,2,2,2,2,4,2,3,2,3,2,2,3,4,3,2,3,4,2,3,2,4,3,4,2,6,6,3,3,3,60,1163,0.5546001719690455
sgolemon,5,3,3,3,2,2,2,5,3,2,7,6,2,4,9,6,5,2,7,6,10,2,4,3,5,2,5,5,3,8,2,2,3,20,3,3,2,8,4,5,5,3,5,14,2,3,4,7,11,2,9,4,4,3,3,5,5,2,6,2,4,8,3,2,2,4,3,6,2,6,4,2,3,5,3,4,10,3,2,3,2,5,2,3,7,2,2,2,3,4,3,3,2,6,8,5,5,5,2,4,3,3,5,3,2,5,3,2,2,14,2,3,2,2,2,3,5,2,2,2,2,2,2,3,3,3,2,3,3,5,2,21,6,7,15,14,14,10,3,5,2,2,2,2,3,2,2,10,3,3,12,2,25,3,4,3,2,12,8,3,4,21,3,2,2,29,2,4,5,8,2,5,4,2,5,3,4,6,22,2,3,2,4,19,15,8,6,3,2,12,10,3,9,12,3,5,7,6,3,4,8,6,2,2,4,6,3,4,8,3,15,4,4,3,7,2,21,4,4,8,2,110,1413,0.283793347487615
edwinsmith,4,3,5,5,2,5,5,3,4,2,5,6,4,3,3,2,3,8,5,4,2,3,12,5,2,22,5,4,2,3,3,2,6,2,3,2,4,2,3,4,4,3,3,2,5,2,2,5,14,2,2,3,2,5,2,2,3,7,6,3,5,3,2,2,2,2,2,2,4,2,3,3,3,2,2,2,2,2,2,6,3,2,4,7,3,2,2,2,2,2,3,2,2,3,7,2,2,4,2,3,5,3,3,3,2,4,7,3,6,3,4,6,2,6,5,3,3,2,2,2,4,4,2,3,3,2,2,4,6,9,19,2,8,9,2,4,3,2,3,5,2,3,3,3,19,2,6,4,7,5,2,2,4,6,2,3,2,2,2,3,3,3,2,2,2,2,2,2,12,3,2,2,3,3,3,2,5,5,2,2,2,2,2,3,8,3,2,2,2,5,6,4,3,4,2,7,11,5,5,4,2,2,2,7,6,3,12,2,2,3,13,2,3,2,11,7,6,7,2,5,9,3,2,7,6,3,3,2,5,3,4,3,2,7,3,7,8,2,3,3,7,2,5,2,10,4,2,7,6,10,2,5,5,2,2,2,2,5,6,6,4,2,3,2,11,2,4,8,3,2,4,3,4,3,3,4,3,3,2,3,8,3,2,13,6,6,6,6,15,8,5,2,9,4,2,4,5,2,2,8,6,3,3,3,2,2,3,2,4,4,4,2,2,2,2,3,3,7,4,3,4,2,34,2,5,2,5,4,13,7,2,2,2,2,6,3,2,3,8,3,8,5,9,3,3,4,3,9,2,6,3,4,2,5,2,4,3,2,2,2,2,7,2,10,4,2,3,4,3,2,4,2,9,2,3,2,5,8,4,7,7,4,10,5,4,3,4,18,6,2,2,2,3,4,5,3,2,4,2,2,3,7,7,40,29,11,4,9,3,4,2,3,6,2,4,2,3,3,2,5,5,7,6,14,3,9,12,21,43,163,3,2488,0.33319935691318325
siyengar,1117,1118,0.0017889087656529517
alikhtarov,26,18,623,371,18,1057,0.005676442762535478
simpkins,289,4,6,1773,288,5,2366,0.0029585798816568047
mroch,944,76,2,3,16,15,3,9,13,13,3,158,17,4,6,5,5,19,23,25,29,2,14,6,148,28,41,40,3,14,4,97,8,9,40,28,6,14,21,6,4,133,6,78,330,5,2484,0.022946859903381644
ifullinwider,1,1.0
bmaurer,84,12,14,113,41,23,35,39,3,53,982,43,42,322,1807,0.008301051466519093
Gownta,10,3,4,3,3,5,20,17,287,46,71,472,0.029661016949152543
linuxfood,1,1.0
chipturner,133,15,45,32,62,6,6,71,58,14,54,100,61,658,0.02127659574468085
philippv,969,970,0.002061855670103093
inez,1,1.0
andrewcox,898,899,0.002224694104560623
foldleft,26,27,0.07407407407407407
ltouati,1,1.0
pvulgaris,1517,1518,0.0013175230566534915
nareshv,323,84,40,10,459,0.013071895424836602
deadalnix,564,142,75,782,0.005115089514066497
thomasjfox,1,1.0
bertmaher,6,5,6,7,3,4,2,8,3,8,15,5,8,15,14,4,16,5,20,5,18,4,3,5,4,7,3,4,7,6,7,2,3,11,2,3,3,5,2,3,2,4,3,4,8,6,2,19,6,3,3,11,4,2,2,2,2,4,2,2,3,2,2,2,5,2,4,2,5,6,4,2,4,2,5,3,2,6,3,2,4,5,3,4,2,3,2,4,2,2,5,4,2,2,6,4,5,7,8,3,3,2,4,5,2,5,4,2,2,3,17,4,5,2,2,5,4,2,5,3,4,2,3,2,4,3,2,3,8,2,4,3,4,17,2,2,5,2,2,3,3,4,2,3,5,6,7,3,6,2,4,2,3,2,7,3,50,4,5,871,0.2939150401836969
ptarjan,13,5,4,5,7,4,3,7,3,3,6,2,2,2,2,2,3,3,4,3,2,2,2,2,2,23,3,2,2,11,8,2,2,2,6,2,2,2,4,3,3,4,3,3,2,2,4,2,3,2,3,5,2,6,2,3,2,5,7,2,2,3,6,4,2,2,3,2,2,4,4,2,2,2,3,4,4,3,2,19,2,4,3,4,2,4,2,2,4,2,9,4,2,3,2,3,2,2,3,2,2,5,5,6,4,2,5,2,2,25,2,225,878,0.3838268792710706
paulcavallaro,11,470,9,10,21,3,3,2,4,4,4,6,2,4,38,27,3,6,20,6,6,14,9,39,8,2,4,8,13,2,7,771,0.04798962386511025
vreis,1,1.0
hermanventer,4,17,10,7,5,5,18,5,2,15,4,5,5,4,3,4,2,3,2,14,3,3,2,4,3,2,13,12,6,5,2,4,4,2,2,5,8,2,9,36,16,8,7,13,6,15,4,4,3,3,5,2,9,458,33,29,9,3,4,16,10,17,7,3,23,8,138,5,8,3,14,12,15,5,1209,0.08850289495450786
lovrop,1,1.0
danslo,71,50,5,3,4,6,4,5,2,5,8,4,63,50,16,10,8,13,8,10,3,15,5,6,7,6,4,2,8,4,15,2,18,6,22,3,29,15,5,11,52,13,5,612,0.08823529411764706
philikon,1,1.0
scannell,6,7,12,8,6,8,3,12,2,2,4,2,2,3,4,3,2,5,2,2,6,5,4,6,2,3,3,4,5,3,2,2,4,6,3,2,5,2,2,4,2,5,2,2,4,2,9,8,5,2,3,2,2,2,4,3,5,4,2,5,3,3,3,3,4,2,6,4,26,5,10,2,4,14,4,2,2,4,2,3,6,53,494,0.3441295546558704
mikemag,11,13,2,3,2,14,4,2,5,10,3,3,6,2,3,4,2,5,2,2,3,2,6,5,7,4,2,3,3,4,2,5,6,2,5,7,3,5,12,11,7,3,4,5,19,88,345,0.2028985507246377
dariorussi,10,5,15,2,20,2,12,4,10,14,13,31,7,7,28,3,10,5,7,21,8,3,3,7,3,10,13,2,2,2,2,4,3,5,5,2,47,3,12,10,6,8,7,4,7,7,5,8,7,4,6,45,494,0.1214574898785425
rlerdorf,9,11,2,23,0.17391304347826086
tstarling,25,242,6,21,6,20,6,12,19,7,2,6,19,6,2,6,3,3,4,3,12,59,2,29,3,22,8,5,16,76,19,50,284,153,15,1185,0.04135021097046414
wez,22,23,0.08695652173913043
strager,16,1286,1303,0.0023023791250959325
whatthejeff,387,2,3,4,11,2,6,28,7,453,0.026490066225165563
mshneer,284,61,309,378,42,13,22,333,1443,0.006237006237006237
paulbiss,4,17,5,8,8,3,7,7,14,345,29,2,6,2,6,13,4,5,4,5,2,2,12,2,2,6,13,15,20,7,5,8,6,6,29,5,14,2,19,6,3,20,6,5,5,11,7,39,7,4,2,2,22,3,28,4,3,8,11,3,7,5,7,6,4,24,4,9,14,5,8,8,7,7,3,5,5,13,2,8,2,2,3,6,9,10,2,7,3,11,5,7,8,6,6,27,8,14,2,6,11,7,10,2,11,34,6,9,5,2,13,42,9,4,2,5,6,11,2,3,5,23,4,15,4,8,3,7,16,2,7,6,4,4,25,10,6,6,2,10,25,11,4,3,15,7,12,8,5,23,2,4,6,4,16,2,10,2,4,4,4,7,3,7,4,3,2,3,22,6,6,3,12,5,5,4,6,24,3,6,9,14,5,10,14,15,3,2,12,14,2,31,28,17,3,2,2,2,20,12,2,3,4,3,7,11,2,3,10,9,8,6,2185,0.1308924485125858
Parent5446,1,1.0
JoelMarcey,7,13,11,5,4,2,3,9,10,4,4,19,4,9,4,2,4,3,3,2,4,2,3,2,4,3,2,2,8,6,3,3,20,5,3,11,3,3,2,5,7,28,14,2,3,11,17,8,6,8,3,8,5,3,5,2,2,27,11,8,4,3,9,4,2,2,3,3,3,4,4,5,2,4,4,16,2,2,2,5,3,6,4,4,3,3,3,20,2,3,5,2,8,26,4,2,5,2,4,37,2,21,6,15,7,10,25,3,12,6,6,2,7,7,2,4,2,4,2,5,9,4,2,3,2,3,2,2,8,3,7,5,2,6,2,4,6,2,19,2,3,9,7,4,5,8,2,41,51,1068,0.20880149812734083
myreg,4,2,4,16,4,7,4,2,4,9,2,7,7,1503,1579,0.011399620012666244
tnowacki,3,4,429,437,0.009153318077803204
tracelogfb,8,2,3,21,37,33,16,12,7,210,59,1188,134,4,1739,0.010925819436457734
AltanAlpay,1,1.0
mmatuska,3,4,0.5
apuckey,161,6,4,2,24,13,82,7,7,14,2,127,136,115,701,0.021398002853067047
Aatch,78,18,28,38,33,15,6,22,3,3,12,22,6,2,4,15,9,14,2,11,14,39,402,50,850,0.03294117647058824
staabm,4,2,5,185,15,10,5,3,132,113,476,0.025210084033613446
tmulchay,1,1.0
emiraga,297,26,6,2,303,635,0.009448818897637795
simonwelsh,109,11,4,6,11,3,8,6,4,3,5,31,11,4,4,3,3,2,2,34,3,4,11,16,28,4,15,3,9,3,4,7,22,28,7,20,9,2,103,86,67,4,10,46,41,63,19,186,43,12,72,1225,0.053061224489795916
WizKid,2,100,11,29,7,12,2,4,5,7,6,127,621,506,180,2,16,2,17,36,2,23,32,24,55,68,13,3,6,2,3,27,9,2,8,2,2,4,2,5,11,2,3,2,3,8,2,2,7,5,6,6,2,2,12,14,2100,0.04047619047619048
kristapsk,42,13,12,63,9,6,238,2,1315,1701,0.005878894767783657
javer,7,3,9,19,2,13,57,10,4,12,50,7,91,288,0.059027777777777776
elgenie,4,5,7,3,2,11,2,6,2,5,6,2,2,4,2,3,9,24,9,3,3,3,5,5,2,4,28,14,7,3,2,3,4,7,6,12,2,2,3,2,2,2,3,4,8,10,3,2,2,3,9,3,2,2,3,5,5,11,14,4,4,16,2,5,2,10,2,4,4,2,2,3,4,7,2,3,7,2,10,7,3,7,3,7,4,2,10,9,5,2,5,6,27,6,2,6,3,12,6,3,3,37,7,3,4,2,567,1251,0.14708233413269384
ypisetsky,264,12,1766,2043,0.0019579050416054823
alexmalyshev,3,3,7,3,3,4,14,3,5,4,6,4,2,3,2,11,5,5,2,2,5,12,4,8,6,9,11,2,3,8,3,4,3,3,3,6,3,2,4,6,6,2,7,4,6,4,5,3,2,8,2,3,9,3,7,3,4,2,3,4,5,6,5,5,7,3,8,4,3,3,19,8,3,3,4,4,3,6,3,4,5,2,3,5,16,2,4,6,2,2,2,3,4,5,3,2,8,4,2,5,2,2,2,3,8,15,16,5,21,2,2,16,4,6,3,4,3,3,5,2,4,6,7,5,4,6,4,2,2,5,3,5,4,2,7,3,2,3,3,4,3,2,6,11,9,5,2,2,7,24,4,2,2,4,7,6,2,5,2,3,2,5,2,7,6,5,3,3,2,7,4,2,4,2,4,5,4,12,6,3,2,3,2,12,4,4,2,6,6,2,3,10,3,1079,0.3132530120481928
lbrandy,21,22,0.09090909090909091
afrind,7,6,31,25,17,17,3,11,59,15,6,8,3,5,11,62,7,21,47,18,34,11,3,28,103,159,122,3,25,55,18,112,10,81,56,50,92,208,535,2089,0.02106270943034945
peter-svintsitskyi,8,5,15,0.26666666666666666
bantu,83,84,0.023809523809523808
igorcanadi,1,1.0
yhager,12,16,3,33,0.15151515151515152
fabpot,1,1.0
reeze,84,96,98,2,16,6,12,17,10,6,2,4,4,3,6,34,4,22,6,32,2,12,10,4,22,15,232,766,0.04177545691906005
andriigrynenko,3,117,253,196,87,123,8,70,99,199,127,1283,0.009353078721745909
toliuweijing,7,8,0.25
tmotyl,149,69,243,7,53,522,0.011494252873563218
demon,27,22,1612,1662,0.0024067388688327317
ghostonhuang,9,413,22,445,0.008988764044943821
nbronson,116,1578,1695,0.0017699115044247787
kandy,1,1.0
eeeee,1,1.0
jamesbornholt,2,1.0
michalgr,1,1.0
javiereguiluz,1,1.0
dsp,1,1.0
EloB,1,1.0
chancila,1,1.0
ckwalsh,365,164,17,41,121,130,350,1189,0.00672834314550042
surupab,27,49,73,343,85,140,718,0.009749303621169917
yumios,3,5,9,0.3333333333333333
fredemmott,7,49,2,4,2,2,3,2,4,6,2,3,2,4,2,3,5,2,2,3,2,4,2,2,2,3,4,2,2,4,14,5,3,4,7,3,4,3,3,4,4,2,4,2,3,2,6,2,4,5,3,3,4,3,4,2,2,3,4,2,3,6,3,10,4,3,7,2,4,3,4,2,4,7,6,7,13,8,10,18,2,6,2,2,18,6,3,3,14,13,9,2,3,9,6,5,3,5,14,5,9,19,4,3,5,10,2,11,7,4,3,6,4,24,21,34,5,3,10,7,38,26,91,118,168,50,11,10,5,4,3,8,3,3,6,7,4,37,7,14,35,7,3,2,2,6,2,25,15,3,3,4,2,8,6,3,3,2,2,5,2,6,7,5,2,3,3,5,4,2,5,13,5,4,6,2,3,2,10,5,4,5,22,4,5,3,7,5,8,2,2,6,4,2,6,7,6,5,9,7,5,9,7,2,19,5,44,2,5,2,11,2,5,4,7,9,5,6,2,2,2,8,4,3,4,6,7,2,5,5,8,7,2,4,6,6,2045,0.19070904645476772
bzikarsky,29,4,10,44,0.09090909090909091
Yermo,1,1.0
tsujamin,1,1.0
Mizuchi,2,1512,239,1754,0.002280501710376283
ryanskidmore,1,1.0
seviyor,1,1.0
asm89,20,130,151,0.019867549668874173
brandonwamboldt,2,2,3,3,4,20,35,0.2
pedroerp,1,1.0
bdurette,4,5,0.4
abhinavbatra,1,1.0
usumeet,2,3,0.6666666666666666
Pomyk,4,13,87,105,0.0380952380952381
sdboyer,1,1.0
carlbunny,1,1.0
radford,25,9,5,2,4,26,7,2,7,13,49,6,76,73,2,60,145,516,0.04263565891472868
dol,1,1.0
dgiagio,1,1.0
behnam,1,1.0
jmarrama,3,27,12,3,4,44,21,7,3,4,4,11,27,28,147,20,69,105,83,93,716,0.029329608938547486
atdt,123,9,18,6,4,3,6,4,9,22,35,274,26,541,0.027726432532347505
guilhermeblanco,1,1.0
pankdm-fb,15,16,0.125
evert,1,1.0
serphen,1,1.0
cgcai,28,13,2,8,5,17,26,6,107,0.09345794392523364
stuartloxton,1,1.0
rbelenov,1,1.0
ebernhardson,104,75,339,45,67,161,43,835,0.009580838323353293
vicb,1,1.0
hansonw,242,303,93,100,7,15,13,2,3,780,0.014102564102564103
ddrcoder,35,36,0.05555555555555555
idn2104,5,18,2,7,27,3,5,69,0.13043478260869565
chalet16,5,20,3,6,8,14,14,20,3,95,0.11578947368421053
spalamarchuk,1834,7,1842,0.0016286644951140066
watashi,6,3,4,2,7,12,35,0.2
jeffchan,2,8,3,18,7,16,34,6,95,0.09473684210526316
lowjoel,3,8,10,17,2,5,6,4,11,6,29,102,0.11764705882352941
k-fish,7,11,6,26,2,5,63,0.19047619047619047
RafeKettler,7,30,5,40,83,0.060240963855421686
GrahamCampbell,174,2,3,2,3,15,14,51,270,0.05185185185185185
alandau,1,1.0
bugok,52,38,91,0.03296703296703297
Tintazul,1,1.0
mclarkelauer,7,10,2,147,7,6,2,12,27,5,14,21,3,11,15,2,27,14,6,5,3,4,5,361,0.08033240997229917
dbu,1,1.0
jcarreiro,1,1.0
smilenceyu,1,1.0
devriesp,3,4,0.5
Ocramius,32,109,55,25,222,0.02252252252252252
MaideCa,148,4,8,3,2,2,5,11,12,4,47,25,7,282,0.06028368794326241
huzhiguang,150,16,33,98,78,76,452,0.015486725663716814
eastzone,3,4,0.5
Jo-Con-El,1,1.0
bos,1,1.0
indragiek,1,1.0
marcioAlmada,212,15,229,0.017467248908296942
jhenahan,1,1.0
joelbeales,32,9,7,4,7,21,2,4,3,5,4,9,6,2,4,3,12,21,19,4,10,3,15,6,20,2,21,7,11,10,129,425,0.10352941176470588
gabelevi,5,9,14,28,13,8,16,125,22,3,10,7,8,4,147,106,28,19,12,25,5,59,102,15,3,7,13,4,3,14,10,4,6,19,16,14,8,2,37,21,21,49,45,2,44,76,8,15,5,13,4,19,12,9,14,5,2,2,5,6,57,47,5,9,2,3,4,11,7,2,40,8,15,4,9,6,17,57,6,41,14,7,4,3,5,14,100,39,29,1899,0.05055292259083728
veenix,1,1.0
deguif,16,35,52,0.057692307692307696
oebeling,13,14,12,139,147,133,460,0.017391304347826087
stuartcarnie,51,171,223,0.013452914798206279
robocoder,10,2,103,103,220,0.02727272727272727
avikchaudhuri,23,20,169,12,304,4,534,0.0149812734082397
evincarofautumn,1,1.0
cuppett,1,1.0
morrisonlevi,1,1.0
SiebelsTim,27,4,6,2,5,4,3,6,3,3,3,3,2,8,16,4,4,7,2,2,6,4,2,4,4,2,2,3,7,2,3,3,2,23,2,3,5,14,7,14,10,9,22,59,11,130,9,32,2,37,13,92,53,141,399,1278,0.06885758998435054
jcreedcmu,7,27,2,9,20,4,7,2,4,9,6,3,18,3,32,10,25,31,221,0.09049773755656108
drilibo,84,74,51,250,16,52,29,71,41,53,86,8,3,225,27,33,1106,0.017179023508137433
lisachenko,1,1.0
dlreeves,143,3,46,11,32,4,23,19,5,7,3,17,3,6,8,4,10,10,4,5,5,2,8,10,10,5,6,2,6,11,9,5,6,3,4,7,10,32,2,3,7,8,2,5,2,6,42,16,23,16,22,7,2,4,5,3,25,5,53,3,17,35,3,2,17,7,22,4,8,2,2,15,7,8,40,57,107,17,172,3,465,54,2,8,2,2,9,3,1869,0.05457463884430177
pikatchu,14,6,7,12,2,3,2,3,2,14,8,15,28,3,10,4,4,201,39,382,0.06282722513089005
mcdufffb,1,1.0
unknownnf,9,267,277,0.010830324909747292
Einkoro,1,1.0
aewing,1,1.0
leev,33,34,0.058823529411764705
gmurthy,1,1.0
brianium,1,1.0
dumbbell,1,1.0
n3tkv00,1,1.0
rybakit,16,31,144,16,22,21,251,0.027888446215139442
johnnywalker,76,77,0.025974025974025976
ThemisB,1,1.0
sinaa,9,10,0.2
denji,8,5,13,23,43,30,39,3,169,0.07692307692307693
lbogdan,7,8,0.25
meyering,44,32,11,378,3,438,19,111,1037,0.008678881388621022
kuzuha,1,1.0
oprudkyi,1,1.0
bauerj,60,6,5,7,3,3,5,44,20,141,297,0.04377104377104377
paravoid,41,529,25,8,63,667,0.008995502248875561
msullivan,4,17,4,4,17,5,4,3,14,293,9,27,3,6,4,3,2,4,2,2,3,2,453,0.09492273730684327
rosmanov,1,1.0
kmiller68,4,9,2,18,2,11,15,2,2,3,3,3,4,116,195,0.07692307692307693
yaslama,3,3,5,5,57,22,70,4,67,24,254,517,0.027079303675048357
jlreyes,3,4,2,4,8,13,6,2,4,6,4,5,4,2,17,7,25,124,0.20161290322580644
mashlol,20,44,19,84,0.047619047619047616
bhosmer,17,6,5,122,126,32,309,0.022653721682847898
JohnOhl,1,1.0
dsereni,149,2,8,143,303,0.0165016501650165
sstewartgallus,1,1.0
ryanrhee,1,1.0
stof,1,1.0
adrianheine,595,596,0.003355704697986577
taewookoh,1605,1606,0.0012453300124533001
tedivm,1,1.0
jsh1,1,1.0
KendallHopkins,63,1203,53,74,12,14,173,4,3,25,21,14,35,12,6,20,10,2,8,2,3,2,10,4,6,4,2,19,1819,0.023639362286970864
andrewboktor,1,1.0
goetas,3,4,0.5
rrh,9,35,2,6,3,2,2,7,20,6,42,20,32,2,4,8,3,20,18,11,8,51,14,2,334,0.09281437125748503
dcsommer,14,4,5,43,6,56,5,4,138,0.06521739130434782
jjeising,1,1.0
tgsergeant,22,23,0.08695652173913043
craigcarnell,18,19,0.10526315789473684
andrerom,1,1.0
DurhamG,1,1.0
egeloen,1,1.0
mcuelenaere,19,11,31,0.0967741935483871
Norbyte,67,22,4,441,425,960,0.00625
shivanker,1,1.0
mihail812,1,1.0
LiraNuna,1,1.0
maksfb,35,36,2,14,8,4,13,6,4,3,2,18,2,8,21,8,4,6,7,12,16,12,2,6,35,2,4,2,36,18,8,2,110,20,52,437,17,42,68,436,66,75,41,1725,0.02782608695652174
samplx,1,1.0
int3,3,3,4,10,2,4,2,2,2,2,2,3,5,5,8,5,2,4,2,4,2,2,6,3,4,2,2,3,6,2,3,3,5,5,3,2,4,7,2,2,2,2,3,2,3,5,2,3,4,3,5,2,2,2,2,2,7,2,4,2,3,3,3,3,5,3,4,4,7,4,2,6,5,2,7,2,3,2,2,4,2,6,2,2,2,3,4,2,4,2,4,3,2,2,3,2,4,2,4,4,7,4,3,4,2,7,7,3,3,2,16,3,2,4,4,2,2,3,3,5,2,11,5,2,3,3,3,2,2,2,2,8,4,14,3,6,639,0.4428794992175274
philsaltzman,3,2,2,12,2,9,11,5,7,21,4,11,19,147,35,292,0.05821917808219178
filbertkm,1,1.0
idning,24,25,0.08
trvish123,72,73,0.0273972602739726
FBNeal,112,146,23,101,3,167,199,9,7,18,14,16,3,43,9,6,2,6,19,22,101,42,33,147,181,52,22,64,1574,0.022236340533672173
milesj,45,271,13,330,0.012121212121212121
nigelchanyk,2,7,11,6,4,7,4,9,4,4,2,5,7,4,2,16,2,102,0.22549019607843138
hannesr0,113,1079,1193,0.002514668901927913
redfoxli,1,1.0
glensc,222,113,336,0.008928571428571428
jaenf,1,1.0
AlphaStream,8,26,7,2,44,0.11363636363636363
lavagetto,500,392,893,0.0033594624860022394
pathsny,7,15,17,3,5,2,54,0.2037037037037037
dabek,3,10,126,54,15,11,10,16,4,14,2,7,5,3,3,4,3,5,8,5,9,35,6,3,12,4,2,3,6,3,6,7,5,40,4,17,3,15,4,2,2,4,7,5,2,2,2,2,3,5,6,2,5,3,6,3,3,5,2,3,2,4,2,4,6,3,5,2,5,12,22,26,2,5,8,12,3,2,2,5,6,6,2,5,5,10,3,23,14,2,18,5,3,4,8,10,2,16,6,13,12,11,18,6,36,148,5,35,7,24,5,6,7,3,13,3,7,6,2,3,3,3,2,2,3,4,10,6,2,3,19,2,7,9,2,2,6,4,66,3,4,2,4,5,3,3,3,7,4,6,2,5,5,5,10,18,7,10,44,16,11,27,8,8,5,6,2,4,3,2,4,5,5,4,1704,0.1449530516431925
c9s,470,472,0.006355932203389831
Majkl578,2,5,6,8,3,4,2,2,47,80,0.125
foghina,1,1.0
kevinxucs,18,2,6,14,12,4,2,8,67,0.13432835820895522
DmitrySoshnikov,4,7,3,6,34,26,8,13,7,8,8,4,4,2,5,2,12,6,4,3,172,0.1511627906976744
binliu19,43,2,3,30,14,16,5,6,23,6,4,2,11,2,9,6,3,4,2,4,5,2,7,7,7,2,2,4,3,3,3,3,14,4,2,22,33,2,19,7,10,20,2,6,25,2,11,10,32,6,13,8,2,4,2,2,2,10,7,28,4,4,2,5,8,5,7,4,2,33,13,2,45,3,5,6,2,11,6,5,4,4,4,17,8,37,6,6,34,5,4,2,46,32,84,9,2,25,2,5,3,12,23,4,8,4,2,2,10,8,12,20,8,6,3,6,12,4,2,6,3,2,2,6,3,6,5,2,2,11,2,4,4,2,2,7,3,4,3,4,4,17,5,2,5,4,4,48,2,13,2,2,3,6,15,3,7,12,2,2,9,5,7,5,7,3,2,6,5,2,5,6,3,7,2,6,12,9,2,5,7,3,2,2,2,4,4,3,3,8,5,5,3,5,2,1703,0.16793893129770993
aingram,7,205,4,28,8,254,0.027559055118110236
clementhk,1,1.0
nazar-pc,32,506,10,12,561,0.008912655971479501
mgottein,6,15,36,58,0.06896551724137931
tantaman,1,1.0
rafalio,1,1.0
sathvikl,14,103,119,14,150,12,169,582,0.013745704467353952
hamidre13,24,3,6,24,58,0.08620689655172414
steelbrain,54,2,125,24,207,0.028985507246376812
chizhengwang,18,19,0.10526315789473684
ot,1131,1132,0.0017667844522968198
ludovic-gonthier,1,1.0
vlajos,1,1.0
adsr,13,20,34,0.08823529411764706
v-borg,1,1.0
jthemphill,30,3,4,1417,9,7,20,2,3,28,33,2,3,5,9,10,14,9,5,1619,0.015441630636195183
RyanCccc,1,1.0
jrobeson,2,8,3,6,3,5,3,6,8,8,53,0.20754716981132076
periodic1236,33,15,25,4,39,6,3,5,8,8,7,72,5,62,8,139,70,14,280,27,167,7,9,19,6,4,17,12,6,13,44,12,9,7,7,8,28,19,39,3,5,3,108,2,12,37,35,54,2,5,2,3,3,7,35,12,2,8,32,1643,0.041996348143639686
enov,197,198,0.010101010101010102
wjywbs,15,23,51,29,3,2,2,7,6,12,31,2,3,5,13,2,28,41,42,69,25,94,56,38,605,0.049586776859504134
Stelian,7,9,0.3333333333333333
tomdz,27,28,0.07142857142857142
Seldaek,1,1.0
lbadger,1,1.0
domainname,1,1.0
joelastpass,34,487,58,580,0.006896551724137931
MattEagle,5,5,11,0.2727272727272727
markisaa,1,1.0
dmitry-brizhinev,12,13,0.15384615384615385
asgrim,18,19,0.10526315789473684
keyurdg,17,33,100,58,210,0.02857142857142857
matthiasmullie,724,725,0.002758620689655172
jmikola,1,1.0
fadimko,295,41,337,0.008902077151335312
yinghuitan,60,44,5,127,198,5,6,3,12,9,6,6,13,15,511,0.03131115459882583
chmeldax,1,1.0
nikic,6,8,100,104,192,328,739,0.009472259810554804
noony,47,91,7,6,7,28,13,15,2,13,5,8,8,2,8,8,2,6,5,15,17,3,79,108,6,514,0.058365758754863814
phooji,5,12,3,49,21,115,3,20,6,3,242,142,623,0.02247191011235955
eriklax,1,1.0
RadekDvorak,1,1.0
padraic,1,1.0
shligit,1,1.0
gfleury,558,559,0.0035778175313059034
meths,1,1.0
apaloma,185,4,9,36,68,303,0.019801980198019802
sherlockhua,5,21,27,0.1111111111111111
peterhal,974,107,3,26,1112,0.00539568345323741
yan12125,96,97,0.020618556701030927
adriensamson,5,5,12,0.3333333333333333
nmote,43,595,4,80,3,32,291,29,23,68,2,119,207,1497,0.009352037408149633
mtorromeo,1,1.0
thbourlove,1,1.0
ricklavoie,2,18,2,11,2,8,5,4,2,6,6,2,4,5,3,2,5,12,20,56,21,11,3,35,35,2,2,4,15,4,8,9,2,4,3,9,5,28,19,7,2,25,14,2,4,3,4,3,3,9,19,2,4,7,3,5,4,2,9,2,7,6,2,2,2,3,28,7,10,9,6,3,9,7,3,2,2,2,2,4,3,2,4,4,2,2,2,6,4,2,7,4,6,3,13,5,3,2,8,4,6,4,3,6,19,8,7,2,2,2,3,3,8,10,2,2,6,2,5,7,17,3,3,3,56,2,2,2,7,2,8,4,3,5,5,5,5,3,5,9,9,7,2,2,8,7,32,11,17,12,8,6,6,4,2,15,2,3,13,4,18,4,8,9,10,5,11,3,2,2,3,3,2,2,12,5,2,4,2,8,3,2,4,4,3,6,12,8,42,6,2,9,5,29,4,1499,0.19012675116744496
Orvid,13,3,4,14,14,4,2,2,4,2,3,5,4,5,2,4,9,9,16,4,3,12,2,5,3,10,24,23,10,9,3,4,2,5,19,2,2,2,4,2,2,7,11,5,2,5,6,6,3,4,3,3,3,5,15,7,4,5,2,2,3,2,4,6,7,3,4,4,2,2,5,16,4,6,5,5,11,4,3,4,3,8,17,2,2,6,43,2,2,4,6,8,2,3,2,2,2,7,2,4,3,5,3,5,7,2,14,10,2,23,21,5,16,16,21,18,27,33,9,2,18,6,4,4,15,125,1089,0.18824609733700642
yunxing,1,1.0
Swahvay,1,1.0
chadicus,1,1.0
photodude,1,1.0
samveen,1,1.0
shixiao,4,9,5,20,6,2,4,2,3,2,5,3,3,609,687,0.034934497816593885
andreacampi,43,15,7,66,0.06060606060606061
aruiz14,1,1.0
jazzdan,26,7,34,0.08823529411764706
yiding,1,1.0
xvw,1,1.0
smalyshev,1,1.0
Eyyub,1,1.0
derickr,34,127,93,4,259,0.019305019305019305
superbaddude,1,1.0
DerPapst,705,706,0.0028328611898017
cmbrownfield,1,1.0
andreazevedo,413,893,55,1362,0.002936857562408223
corientdev,1,1.0
alexchow,13,8,6,16,7,5,4,12,9,3,2,13,14,5,6,9,4,3,5,12,2,7,12,2,2,2,24,11,2,6,4,3,18,14,9,13,17,5,3,6,4,7,4,18,29,7,5,20,2,3,2,4,2,4,3,2,3,7,5,2,3,2,14,2,3,12,7,9,3,4,7,8,5,7,3,5,3,8,5,4,4,15,7,7,4,8,5,2,2,4,2,11,15,4,4,2,3,2,22,6,5,21,15,2,3,8,4,14,6,10,4,2,7,5,2,2,9,5,2,4,2,13,6,20,14,2,5,13,6,7,2,2,10,2,3,9,3,2,2,5,16,4,14,6,2,2,31,27,3,5,1119,0.18498659517426275
hnrgrgr,4,5,2,6,7,29,33,44,9,2,146,293,0.05802047781569966
swong15,1,1.0
doublecompile,252,254,507,0.005917159763313609
dpaneda,1,1.0
bd808,2,1.0
cblappert,10,12,0.25
yfeldblum,2,24,8,154,22,400,25,56,173,65,68,15,74,197,6,1290,0.012403100775193798
gdbentley,62,6,16,167,2,20,29,26,15,69,57,470,0.02553191489361702
apeabody,35,207,11,4,3,3,4,3,4,3,3,2,2,6,11,10,6,25,7,362,0.08839779005524862
lbianc,35,230,6,9,3,93,8,47,248,45,7,17,4,2,756,0.021164021164021163
OCamlPro-Bozman,87,29,117,0.02564102564102564
octmoraru,28,24,24,68,45,178,45,295,709,0.014104372355430184
mbouaziz,7,40,7,7,5,68,0.10294117647058823
gsingh93,21,22,0.09090909090909091
johnislarry,259,4,3,53,158,6,485,0.016494845360824743
klaussilveira,4,53,66,124,0.03225806451612903
frantic,1,1.0
psmarshall,1,1.0
kaustavha,1,1.0
truongduy134,6,7,0.2857142857142857
scottrice,30,6,37,0.08108108108108109
igorsugak,7,3,390,91,194,9,14,39,16,78,4,4,331,1184,0.014358108108108109
usikder,1,1.0
fabioperez,40,41,0.04878048780487805
rcastano,1,1.0
kodafb,9,2,2,7,6,3,27,4,7,12,2,26,3,6,13,22,18,2,6,2,4,16,5,9,2,16,7,3,3,9,6,3,4,3,8,3,6,3,7,2,26,14,4,2,6,3,7,3,6,4,21,16,4,31,21,18,6,16,10,2,6,48,2,13,52,146,811,0.11344019728729964
hhvm-bot,88,89,0.02247191011235955
knekritz,266,3,795,1065,0.003755868544600939
daviddoran,1,1.0
zlim,1,1.0
belka-ew,328,9,338,0.008875739644970414
SammyK,1,1.0
sunshowers,42,43,0.046511627906976744
etcinit,1,1.0
jurchiks,20,21,0.09523809523809523
gromero,1,1.0
albertdahlin,1,1.0
smeenai,1,1.0
lianghe-houzz,1,1.0
gut,1,1.0
dneiter,8,94,9,9,10,111,107,485,8,55,130,81,27,11,8,3,1159,0.01639344262295082
pra85,1,1.0
anca-agape,197,14,90,302,0.013245033112582781
shubhanshu04,162,163,0.012269938650306749
croemmich,1,1.0
andrewjkennedy,9,7,19,16,20,2,6,4,2,4,3,6,4,2,6,5,3,4,15,16,25,13,4,2,3,2,2,5,3,9,5,3,14,2,6,3,10,6,13,3,6,4,10,3,9,4,2,4,2,3,2,2,3,2,2,3,2,6,4,6,2,3,2,5,5,6,4,5,4,4,2,2,4,2,4,2,3,4,8,2,3,2,27,2,4,2,11,2,10,6,8,2,3,2,12,4,4,6,5,2,4,2,3,3,2,2,3,3,2,5,3,4,11,4,3,5,2,5,7,10,4,8,6,4,4,4,12,35,3,6,11,2,5,4,3,11,3,2,7,4,9,4,4,7,17,11,2,6,9,11,3,14,9,4,3,4,2,2,3,3,3,3,2,2,4,14,4,4,2,2,2,4,4,4,2,2,14,3,17,6,6,4,2,2,2,5,6,5,5,7,7,2,2,5,6,5,1199,0.2693911592994162
leegao,16,17,0.11764705882352941
lpathy,54,2,5,5,2,21,7,20,8,26,152,0.07894736842105263
h4ck3rm1k3,1,1.0
fxfactorial,1,1.0
brenoleitao,1,1.0
ericlippert,4,8,6,23,7,4,2,4,6,2,3,4,6,3,2,4,3,3,25,2,3,6,2,3,2,7,3,8,13,3,11,6,9,4,7,2,14,3,6,4,2,2,6,4,4,3,2,2,3,2,4,2,2,23,3,4,6,2,26,14,15,3,2,3,2,4,3,19,19,5,2,4,18,8,2,5,3,3,2,3,120,705,0.26666666666666666
abal147,172,495,668,0.004491017964071856
kmaslack,56,63,3,768,891,0.005611672278338945
gfloyd,1,1.0
adriantfb,1,1.0
RavuAlHemio,1,1.0
rhysparry,1,1.0
jmswen,15,95,111,0.02702702702702703
jbower-fb,9,87,167,3,6,14,72,18,10,145,35,44,5,8,18,247,891,0.02132435465768799
pefoley2,2,1.0
mjhostet,28,1025,1054,0.0028462998102466793
pixelb,80,56,307,102,65,218,180,105,1114,0.00807899461400359
bhamiltoncx,2,1.0
rdna,1,1.0
aorenste,6,27,13,6,2,12,20,7,10,3,4,4,8,5,2,5,6,29,5,23,19,8,11,2,21,13,10,4,7,2,5,5,252,8,286,189,2,61,1111,0.0423042304230423
luciang,1042,1043,0.0019175455417066154
dmitry-kulikov,1,1.0
WillerZ,239,181,421,0.007125890736342043
zoltanka,1,1.0
coldlamper,1,1.0
jamesjwu,23,6,11,7,3,4,7,8,4,2,5,5,4,3,5,2,10,14,2,14,3,3,3,24,13,6,53,2,2,19,45,26,2,6,4,17,5,3,4,6,21,2,2,4,7,3,5,5,2,11,7,2,2,4,2,2,2,6,9,2,12,6,2,7,19,3,14,7,8,3,3,5,2,3,2,3,3,5,8,2,3,3,6,2,7,3,3,2,2,12,2,4,2,4,4,2,2,4,2,5,18,2,14,5,4,4,4,2,14,8,2,3,4,2,7,8,5,2,11,7,7,863,0.20278099652375434
Nigel-C,6,7,0.2857142857142857
MatmaRex,103,104,0.019230769230769232
dlangevi,3,12,16,0.1875
alexshap,32,34,0.08823529411764706
y3llowcake,1,1.0
joshkirstein,2,3,0.6666666666666666
brunoalr,11,21,33,0.09090909090909091
ivmaykov,343,344,0.005813953488372093
oulgen,2,5,3,11,8,2,3,3,3,10,5,9,8,3,9,9,3,6,2,2,3,2,4,17,3,3,17,2,11,7,4,3,10,2,6,4,5,3,3,2,3,3,3,2,4,3,2,4,6,4,3,2,2,2,5,2,2,8,6,2,3,5,7,6,2,4,3,4,4,13,2,7,2,5,2,4,2,11,2,3,4,3,3,2,4,2,3,6,2,2,3,6,26,5,2,3,2,2,2,2,2,4,3,2,2,3,6,3,2,2,2,6,4,7,2,3,9,7,2,4,2,2,2,4,4,5,2,2,2,3,3,4,4,10,3,4,3,5,10,11,9,7,21,2,5,3,3,3,5,2,2,6,4,8,2,6,6,8,8,8,3,14,5,6,2,2,4,3,3,3,3,3,6,9,5,4,5,3,2,2,6,2,2,2,2,2,2,6,3,2,2,6,2,3,4,3,4,2,3,2,3,2,2,3,2,1039,0.3339749759384023
wake-up-neo,1,1.0
zlandau,5,135,53,605,21,820,0.007317073170731708
jopamer,2,5,21,29,0.13793103448275862
igorsnunes,1,1.0
zbateson,1,1.0
damiendoligez,1,1.0
katherinez,1,1.0
ngavalas,16,21,15,32,166,10,6,8,49,68,17,25,6,4,7,9,7,3,20,7,16,6,72,33,155,5,113,906,0.04083885209713024
jeffmo,1,1.0
wjzijderveld,1,1.0
dave-estes-QCOM,12,3,3,61,11,31,95,3,11,24,31,67,20,43,42,35,3,2,12,6,524,0.05534351145038168
jesseschalken,9,10,0.2
racardoso,2,1.0
jimyaghi,1,1.0
samwgoldman,450,273,81,20,18,24,114,982,0.009164969450101833
TJ09,1,1.0
mofarrell,7,17,16,5,15,14,7,2,36,5,16,5,6,2,6,3,4,2,4,5,2,2,4,7,20,2,18,2,5,9,12,8,22,33,16,5,13,4,11,2,4,37,6,9,6,8,5,22,5,9,43,5,9,3,2,26,28,2,2,5,5,14,11,6,33,36,9,22,11,4,2,3,13,9,4,4,5,2,21,3,6,78,36,29,6,3,3,1001,0.0999000999000999
kmeht,18,8,19,105,8,7,6,6,218,35,6,5,57,6,2,5,2,2,2,5,11,2,3,2,4,3,3,2,3,4,2,3,2,4,3,3,2,2,3,2,2,3,2,3,9,2,4,2,8,2,3,2,3,2,8,3,2,4,2,4,16,4,3,7,4,4,4,2,5,2,2,2,6,3,18,3,7,4,6,2,6,42,4,7,12,2,3,2,3,7,3,14,4,2,3,47,2,3,3,999,0.17017017017017017
bartoszniemczura,1,1.0
MaxSem,1,1.0
drcapulet,1,1.0
mboyd1017,3,16,3,2,23,3,5,20,32,17,8,12,19,12,2,5,21,2,2,7,14,2,235,0.1148936170212766
azich,195,196,0.01020408163265306
bgirard,1,1.0
lapetr,288,289,0.006920415224913495
cmuellnerTheobromaSystems,36,21,4,20,62,6,2,9,3,12,21,204,0.09313725490196079
fahndrich,7,9,31,40,54,13,47,93,9,222,5,9,24,8,2,43,47,3,3,11,60,129,54,926,0.028077753779697623
jim-saxman,40,28,44,25,6,20,2,14,21,66,21,354,3,645,0.021705426356589147
willholen,1,1.0
terrelln,1,1.0
swalk-cavium,12,3,12,7,9,5,20,89,5,2,2,2,4,29,22,11,7,17,5,5,8,28,7,101,6,4,15,128,92,2,74,47,21,806,0.04714640198511166
bwasti,1,1.0
arxanas,7,40,21,36,25,9,6,4,22,7,15,7,4,14,17,5,14,27,46,84,33,14,40,9,24,17,4,5,2,2,3,28,15,2,7,8,66,5,3,10,13,6,6,2,20,34,26,8,3,38,4,3,3,11,9,6,7,7,5,928,0.07435344827586207
russoue,63,35,24,124,0.04032258064516129
alexeyt,37,20,10,2,2,11,2,14,13,3,2,6,3,8,3,2,12,11,8,6,21,4,3,3,2,3,2,22,22,5,4,8,11,9,6,3,2,3,5,5,7,13,6,15,6,9,14,12,7,2,10,28,12,3,3,2,3,3,4,2,2,18,3,2,3,6,11,7,7,3,4,2,4,5,4,4,5,11,2,6,3,4,6,4,3,2,15,5,2,9,2,2,4,4,2,4,12,5,19,13,4,3,6,13,5,2,3,4,3,2,4,2,4,7,4,3,3,5,5,6,5,10,3,2,9,4,4,11,4,9,899,0.19132369299221358
markdrayton,1,1.0
sophiebits,1,1.0
usox,157,158,0.012658227848101266
hubyrod,15,12,2,16,2,4,18,4,21,13,4,9,2,13,25,4,3,58,6,2,3,16,56,13,9,140,479,0.07306889352818371
ebluestein,173,9,60,2,3,7,7,22,39,10,16,7,3,7,2,4,2,19,2,8,4,3,2,4,7,2,7,4,2,6,8,4,7,4,11,2,4,14,3,3,28,11,11,3,3,4,3,11,21,15,6,3,3,24,7,2,22,7,6,6,35,6,21,51,6,833,0.09603841536614646
compnerd,1,1.0
asuth,12,6,19,0.15789473684210525
justinjhendrick,14,15,0.13333333333333333
dirk,1,1.0
AjanthanAsogamoorthy,385,27,268,681,0.005873715124816446
codebear,1,1.0
ljw1004,9,17,3,2,2,21,17,7,6,4,2,5,2,6,6,14,15,5,2,2,25,7,3,5,2,5,9,2,4,8,2,3,2,5,2,5,10,16,3,2,12,2,13,22,6,2,2,4,3,32,5,19,9,2,4,13,7,15,2,2,2,7,6,11,2,3,3,74,4,3,4,5,52,4,2,6,9,38,2,7,33,3,22,5,49,8,830,0.13132530120481928
nbenton,66,5,8,2,3,3,3,4,7,2,4,7,2,4,3,5,19,55,3,7,12,21,2,12,19,18,11,2,5,4,11,6,37,152,537,0.08752327746741155
Gauss23,1,1.0
RyanGordon,339,340,0.0058823529411764705
pakoito,486,487,0.004106776180698152
KrishMunot,168,169,0.011834319526627219
jarredbo,1,1.0
elukey,1,1.0
vladima,6,2,4,11,13,5,5,2,2,3,2,4,3,2,5,4,6,2,4,6,28,2,5,3,2,4,2,2,2,2,4,2,2,5,2,2,2,2,2,2,2,2,2,9,3,5,2,4,3,2,9,3,3,4,2,3,2,2,2,4,2,2,2,3,2,3,2,2,4,2,4,2,5,4,4,2,4,17,11,8,14,4,6,4,3,3,2,2,2,3,16,4,7,24,7,11,3,23,10,2,5,5,2,5,2,6,5,2,3,3,3,2,36,74,24,6,759,0.29117259552042163
snarkmaster,1,1.0
shimondoodkin,1,1.0
jjergus,1,1.0
villfa,1,1.0
phoenixfight,1,1.0
jscheinblum,706,707,0.002828854314002829
mirko02,1,1.0
palmtenor,1,1.0
vlechemin,1,1.0
devchakraborty,1,1.0
ngoyal,208,134,343,0.008746355685131196
jkedgar,1,1.0
itsadok,1,1.0
Meowse,5,6,0.3333333333333333
dsainati1,5,2,5,2,5,2,5,4,2,6,2,5,9,3,2,3,3,2,553,64,40,736,0.04483695652173913
thedjnK,1,1.0
vgao1996,42,44,0.06818181818181818
jjgriego,3,10,10,5,6,14,6,2,308,17,17,10,11,5,6,13,7,2,5,15,5,7,17,6,3,9,2,9,4,4,24,10,49,12,6,3,5,21,2,3,8,3,3,3,11,8,6,730,0.08493150684931507
jbrown215,1,1.0
thekid,1,1.0
xKerman,1,1.0
anoopc,1,1.0
sinancepel,7,7,6,9,326,43,10,8,418,0.023923444976076555
rameshvarun,3,2,4,3,2,5,5,14,51,0.4117647058823529
ballardrog,1,1.0
alobbFB,1,1.0
Parakleta,1,1.0
arun11111,13,27,3,5,4,15,18,9,8,19,7,14,13,4,6,13,9,9,19,6,31,69,4,24,35,15,4,2,47,13,15,2,13,3,54,3,9,4,7,12,21,9,12,3,6,7,5,12,678,0.0943952802359882
shengmin,1,1.0
mengz0,1,1.0
squidgetx,2,3,0.6666666666666666
aaronkroth,8,4,2,19,8,6,16,5,5,2,4,2,4,29,15,6,19,9,171,0.15204678362573099
hadasah,16,17,0.11764705882352941
hgoldstein,13,210,23,6,10,4,5,3,22,4,6,4,6,2,4,3,3,2,4,11,4,5,22,26,2,7,2,16,7,8,26,9,35,8,6,15,5,70,638,0.09090909090909091
evangrayk,1,1.0
zertosh,32,558,591,0.005076142131979695
qaovxtazypdl,1,1.0
coreywu,1,1.0
evilmucedin,1,1.0
CatherineGasnier,18,12,13,8,4,7,3,26,2,11,6,5,4,20,5,35,2,12,34,14,2,13,4,7,5,23,14,5,7,27,2,2,5,3,2,7,8,7,5,4,3,3,5,2,6,18,2,18,3,3,2,4,2,5,2,14,7,5,3,3,10,2,2,2,2,8,4,11,13,2,17,611,0.1734860883797054
viratyosin,238,27,9,43,19,76,31,6,28,4,8,19,2,4,6,3,6,4,2,12,9,34,596,0.04697986577181208
SAlexandru,1,1.0
yshivakrishna,1,1.0
rygfb,24,15,2,28,13,197,6,9,8,75,7,30,151,32,598,0.02508361204013378
vassilmladenov,4,6,7,15,3,10,5,8,41,3,4,6,2,4,5,2,3,3,5,14,2,5,2,10,2,2,10,2,6,7,7,2,2,4,23,13,11,11,9,5,5,2,7,3,2,26,6,2,13,2,3,15,2,3,7,6,4,6,5,3,3,3,3,6,5,4,2,3,5,2,2,3,5,5,7,2,2,10,6,3,4,4,6,2,2,3,3,4,2,4,2,4,2,5,2,2,2,2,598,0.25585284280936454
oec08,1,1.0
josephsavona,1,1.0
mitermayer,1,1.0
jrahman,24,36,61,0.04918032786885246
lth,106,14,122,0.03278688524590164
philipjameson,5,70,148,183,407,0.012285012285012284
tbroadley,1,1.0
stevegury,2,1.0
rleshchinskiy,1,1.0
lionell,5,5,6,4,2,4,4,2,4,7,4,2,2,4,70,0.4142857142857143
jas14,9,10,0.2
franklsf95,14,15,0.13333333333333333
manzyuk,6,7,8,12,6,5,10,5,7,6,2,3,3,7,5,6,4,5,2,3,5,2,3,3,3,5,2,2,6,3,3,5,4,2,25,3,3,7,2,4,2,4,4,3,5,2,7,4,3,3,2,3,2,3,3,11,4,26,2,2,11,2,4,2,2,4,11,2,4,2,4,24,5,3,20,3,2,5,3,5,2,4,2,6,2,3,2,2,3,2,4,497,0.2796780684104628
ngorogiannis,6,7,0.2857142857142857
flarnie,1,1.0
yanivsb,1,1.0
ambv,88,89,0.02247191011235955
carusogabriel,1,1.0
calebmer,1,1.0
sushmakt,1,1.0
Ben0mega,1,1.0
keithbi,1,1.0
ezgicicek,23,24,0.08333333333333333
poddarh,1,1.0
bertanari,1,1.0
shannonzhu,1,1.0
davidtgoldblatt,1,1.0
mgrice,9,7,34,190,152,37,431,0.018561484918793503
leikahing,178,10,189,0.015873015873015872
fangyi-zhou,3,7,3,3,4,5,3,16,3,3,3,3,9,2,2,4,21,32,131,0.17557251908396945
wwbmmm,1,1.0
velocityboy,15,130,17,58,47,8,21,12,15,18,9,14,21,6,13,2,2,3,412,0.04611650485436893
martinbooth,69,135,49,2,21,46,10,4,337,0.026706231454005934
jjs0,1,1.0
zhxchen17,4,32,2,17,2,11,70,0.11428571428571428
mjoras,338,339,0.0058997050147492625
Daggtex,3,4,9,6,4,17,13,6,4,72,0.20833333333333334
ConderS,9,10,11,4,10,4,2,6,4,2,65,0.2
pdox,5,25,11,2,22,4,48,118,0.06779661016949153
marcypark,8,10,3,8,6,4,2,4,2,3,3,57,0.2631578947368421
aary,1,1.0
rafaelauler,70,41,13,41,2,76,244,0.028688524590163935
utkugrkn,1,1.0
LeeHowes,21,22,50,96,190,0.02631578947368421
ttsugriy,1,1.0
noxiouz,5,7,0.42857142857142855
garethchen,1,1.0
felixhandte,14,41,5,3,37,97,82,280,0.02857142857142857
azy2,2,1.0
vitaut,63,32,96,0.03125
marshallcline,1,1.0
alisha,1,1.0
dmm-fb,1,1.0
Wilfred,3,4,6,8,7,15,3,2,35,6,6,15,11,3,3,2,5,3,18,3,39,6,4,17,11,4,15,14,2,4,282,0.1347517730496454
MaggieMoss,10,3,3,3,8,6,7,7,18,45,5,10,6,2,3,4,6,3,3,4,7,186,0.23655913978494625
pieterv,1,1.0
modocache,43,45,0.06666666666666667
Calvin-Fernandez,5,23,17,33,83,13,11,2,2,5,9,21,226,0.061946902654867256
dilyin,1,1.0
anuragbakshi,7,24,6,38,0.10526315789473684
gkz,95,2,9,18,9,10,8,3,10,165,0.06060606060606061
losvald,3,16,9,7,26,2,14,6,18,3,3,8,14,3,3,7,6,2,7,7,33,2,5,4,5,3,4,7,4,13,4,265,0.1811320754716981
thomas-maurice,1,1.0
arnabde03,50,67,9,43,6,20,13,7,16,6,15,253,0.04743083003952569
yujunglo,7,10,2,3,23,10,11,29,9,7,4,2,2,2,7,9,4,10,5,4,3,4,2,3,2,7,14,10,29,3,3,2,6,258,0.16666666666666666
scottfranklin,1,1.0
lpetre,1,1.0
hchau-fb,16,2,8,27,0.14814814814814814
rvantonder,1,1.0
dcarlier-afilias,1,1.0
a--hoang,1,1.0
chadaustin,1,1.0
tianx,1,1.0
potomak,1,1.0
Matt-Schellhas,2,9,13,44,14,2,3,74,3,4,4,14,7,197,0.08629441624365482
pdillinger,73,44,118,0.025423728813559324
skishore,3,8,110,24,5,5,8,2,2,3,3,5,181,0.08287292817679558
pittsw,41,8,7,9,21,4,3,5,6,15,12,3,4,7,5,8,9,3,2,6,182,0.13186813186813187
tzakian,1,1.0
azjezz,54,68,123,0.024390243902439025
d1jang,26,3,30,0.1
vsiles,2,4,2,7,3,4,2,10,6,4,2,5,5,4,4,5,6,2,2,3,2,4,2,4,2,12,127,0.3543307086614173
jeffomatic,1,1.0
jwf,1,1.0
dave-estes-ampere,10,42,52,107,0.056074766355140186
anantdeepak,5,6,0.3333333333333333
rratmansky,1,1.0
lclarkmichalek,1,1.0
shashkambh,1,1.0
catalin-manciu,1,1.0
fantasist,1,1.0
maxgeorg,1,1.0
let-def,1,1.0
jesboat,1,1.0
cosinequanon,1,1.0
efaust,1,1.0
shiqicao,3,3,8,10,25,0.2
tkadauke,1,1.0
rodmk,21,22,0.09090909090909091
young-k,6,8,3,18,0.2222222222222222
ajvani,6,7,0.2857142857142857
