kevinsawicki,2013-10-21/2013-10-25,2013-10-25/2014-02-07,2014-02-07/2014-02-17,2014-02-17/2014-02-23,2014-02-23/2014-04-10,2014-04-10/2014-07-08,2014-07-08/2014-08-08,2014-08-08/2014-09-16,2014-09-16/2014-12-22,2014-12-22/2015-01-20,2015-01-20/2015-03-26,2015-03-26/2015-06-22,2015-06-22/2015-11-10,2015-11-10/2015-12-04
nathansobo,2014-02-19/2015-01-06
dwroblewski
abahgat
postcasio,2014-12-22/2015-03-26
ekeitho
joelmichael
50Wliu,2015-06-01/2015-06-29,2015-06-29/2015-10-16,2015-10-16/2015-10-20,2015-10-21/2015-10-27,2015-10-28/2015-10-31,2015-10-31/2016-04-18,2016-04-18/2016-05-18,2016-05-18/2016-06-24,2016-06-25/2016-06-27,2016-06-27/2016-07-15,2016-07-15/2016-07-19,2016-07-19/2016-07-21,2016-07-22/2016-08-04,2016-08-04/2016-08-23,2016-08-23/2016-09-07,2016-09-07/2016-09-29,2016-09-29/2016-10-27,2016-10-27/2016-11-10,2016-11-10/2016-11-16,2016-11-16/2016-11-23,2016-11-23/2016-11-27,2016-11-27/2016-12-31,2016-12-31/2017-01-17,2017-01-17/2017-02-06,2017-02-06/2017-03-08,2017-03-08/2017-04-03,2017-04-03/2017-04-18,2017-04-18/2017-05-15,2017-05-15/2017-05-24,2017-05-24/2017-06-10,2017-06-10/2017-06-14,2017-06-14/2017-07-13,2017-07-13/2017-07-17,2017-07-18/2017-11-20,2017-11-20/2017-12-07,2017-12-07/2018-01-20,2018-01-20/2018-01-26
mnquintana,2015-06-03/2015-08-04
mattiascibien
erikbrinkman
jlewis91,2015-10-08/2015-10-22
C-Bouthoorn,2015-10-14/2015-10-16,2015-10-17/2015-10-20,2015-10-20/2016-07-22
LexLuengas
michaelsanford
maxbrunsfeld
duanefields,2016-02-23/2017-11-13,2017-11-13/2017-11-20
caleb531,2016-04-18/2016-10-27,2016-10-27/2016-11-22,2016-11-23/2016-11-26,2016-11-26/2017-01-17
diesire
gontadu,2016-06-10/2016-06-23,2016-06-23/2016-07-12,2016-07-12/2016-07-19
damieng,2016-06-14/2016-06-25
inohiro,2016-06-27/2016-07-22,2016-07-22/2016-08-04,2016-08-04/2016-12-28,2016-12-28/2017-06-14,2017-06-14/2017-07-10,2017-07-10/2017-07-17
caged
torn4dom4n,2016-09-29/2016-11-10
lee-dohm,2016-12-22/2016-12-26
lmorganjr
ZincBehemoth
CalvinHartwell
chbk,2017-12-07/2017-12-11,2017-12-11/2018-01-20
jasonrudolph,2018-09-25/2018-10-02
