juchem,2014-09-10/2014-09-13,2014-09-13/2014-09-25,2014-09-25/2014-09-29,2014-09-29/2014-10-03,2014-10-03/2014-10-07,2014-10-07/2014-10-09,2014-10-09/2014-10-15,2014-10-15/2014-10-17,2014-10-17/2014-11-07,2014-11-07/2014-11-10,2014-11-10/2014-11-12,2014-11-12/2014-11-14,2014-11-14/2014-11-17,2014-11-20/2014-12-01,2014-12-03/2014-12-16,2014-12-16/2014-12-19,2014-12-19/2015-02-02,2015-02-02/2015-02-06,2015-02-06/2015-02-18,2015-02-21/2015-02-27,2015-02-27/2015-03-02,2015-03-06/2015-03-20,2015-03-24/2015-03-26,2015-03-27/2015-03-31,2015-03-31/2015-04-08,2015-04-08/2015-04-13,2015-04-17/2015-04-22,2015-04-22/2015-04-27,2015-04-28/2015-04-30,2015-05-01/2015-05-07,2015-05-08/2015-05-20,2015-05-21/2015-06-02,2015-06-05/2015-06-10,2015-06-10/2015-07-02,2015-07-02/2015-07-17,2015-07-17/2015-07-20,2015-07-22/2015-07-24,2015-07-25/2015-07-27,2015-07-31/2015-08-03,2015-08-07/2015-08-13,2015-08-15/2015-08-20,2015-08-20/2015-08-22,2015-08-22/2015-08-25,2015-08-27/2015-09-01,2015-09-02/2015-09-16,2015-09-18/2015-09-21,2015-09-22/2015-09-28,2015-09-28/2015-10-01,2015-10-02/2015-10-05,2015-10-05/2015-10-07,2015-10-09/2015-10-12,2015-10-12/2015-11-09,2015-11-10/2015-11-17,2015-11-17/2015-12-21,2015-12-21/2015-12-29,2015-12-30/2016-01-07,2016-01-07/2016-01-09,2016-01-09/2016-01-20,2016-01-20/2016-02-26,2016-02-26/2016-02-29,2016-02-29/2016-03-10,2016-03-10/2016-03-30,2016-03-30/2016-04-03,2016-04-05/2016-05-03,2016-05-03/2016-05-17,2016-05-17/2016-06-02,2016-06-02/2016-06-18,2016-06-18/2016-06-24,2016-06-24/2016-06-27,2016-06-27/2016-06-29,2016-06-29/2016-07-07,2016-07-08/2016-07-14,2016-07-14/2016-07-16,2016-07-16/2016-07-18,2016-07-19/2016-07-21,2016-07-21/2016-07-23,2016-07-23/2016-07-26,2016-07-30/2016-08-01,2016-08-05/2016-08-08,2016-08-10/2016-08-12,2016-08-13/2016-08-16,2016-08-16/2016-08-22,2016-08-22/2016-08-25,2016-08-26/2016-08-31,2016-09-01/2016-09-07,2016-09-08/2016-09-13,2016-09-14/2016-09-18,2016-09-19/2016-09-22,2016-09-22/2016-09-27,2016-09-29/2016-10-12,2016-10-12/2016-10-14,2016-10-15/2016-10-20,2016-10-20/2016-10-25,2016-10-26/2016-10-29,2016-10-29/2016-10-31,2016-11-06/2016-11-10,2016-11-10/2016-11-14,2016-11-14/2016-11-16,2016-11-19/2016-11-21,2016-11-24/2016-11-29,2016-12-01/2016-12-14,2016-12-14/2017-02-24,2017-02-24/2017-08-05,2017-08-05/2017-08-07,2017-08-07/2017-08-10,2017-08-11/2017-08-13,2017-08-14/2017-08-16,2017-08-17/2017-08-19,2017-08-20/2017-08-24,2017-08-26/2017-08-29,2017-08-29/2017-09-02,2017-09-04/2017-09-12,2017-09-14/2017-09-16
YorkZ
Orvid
dymk
luciang
yfeldblum,2016-10-29/2016-11-05,2016-11-05/2016-11-23,2016-11-24/2017-02-16,2017-02-16/2017-03-08,2017-03-08/2017-03-25,2017-03-26/2017-03-28,2017-03-30/2017-04-06,2017-04-06/2017-04-08,2017-04-09/2017-05-01,2017-05-01/2017-05-08,2017-05-11/2017-07-09,2017-07-09/2017-07-12,2017-07-12/2017-07-15,2017-07-15/2017-07-27,2017-07-28/2017-08-10,2017-08-10/2017-08-16,2017-08-16/2017-08-18,2017-08-18/2017-08-26,2017-08-26/2017-08-29,2017-08-30/2017-09-02,2017-09-02/2017-09-12,2017-09-12/2017-09-18,2017-09-18/2017-10-23,2017-10-23/2017-12-21,2017-12-21/2018-02-08,2018-02-08/2018-05-31,2018-05-31/2019-01-30,2019-01-30/2019-02-26
pixelb
bdd
WillerZ
markisaa
igorsugak
philipjameson,2018-08-03/2018-09-12
vitaut
markw65,2018-09-30/2018-10-04
andrewjcg,2018-11-18/2018-11-20
