id,date,creator_login
304556549,2019-07-17 17:35:10,brandyscarney
279913773,2019-04-30 20:03:00,brandyscarney
279912507,2019-04-30 19:59:18,brandyscarney
272642966,2019-04-05 15:41:04,camwiegert
272642779,2019-04-05 15:40:31,camwiegert
266124051,2019-03-15 19:45:36,mhartington
266122369,2019-03-15 19:39:38,brandyscarney
266120960,2019-03-15 19:34:59,brandyscarney
266120707,2019-03-15 19:34:01,brandyscarney
266119170,2019-03-15 19:28:26,brandyscarney
263906617,2019-03-08 19:46:20,brandyscarney
263888396,2019-03-08 18:51:10,mhartington
263871705,2019-03-08 18:01:42,brandyscarney
263871407,2019-03-08 18:00:43,brandyscarney
263871212,2019-03-08 18:00:09,brandyscarney
263871042,2019-03-08 17:59:42,brandyscarney
263870878,2019-03-08 17:59:13,brandyscarney
263870552,2019-03-08 17:58:10,brandyscarney
263870129,2019-03-08 17:56:49,brandyscarney
269175900,2019-03-26 15:46:41,liamdebeasi
269174113,2019-03-26 15:43:41,liamdebeasi
269164161,2019-03-26 15:27:07,brandyscarney
264824687,2019-03-12 18:29:49,brandyscarney
264765343,2019-03-12 16:24:02,camwiegert
264763587,2019-03-12 16:20:17,camwiegert
264705707,2019-03-12 14:25:48,camwiegert
264704734,2019-03-12 14:23:59,camwiegert
264702170,2019-03-12 14:19:17,camwiegert
263211279,2019-03-07 01:56:47,camwiegert
263210943,2019-03-07 01:54:58,camwiegert
263209861,2019-03-07 01:48:34,camwiegert
263209290,2019-03-07 01:44:51,camwiegert
263209012,2019-03-07 01:43:18,camwiegert
263208894,2019-03-07 01:42:38,camwiegert
259009703,2019-02-21 16:31:54,kensodemann
258962781,2019-02-21 14:56:59,kensodemann
258955621,2019-02-21 14:41:57,kensodemann
258954622,2019-02-21 14:39:49,kensodemann
259493355,2019-02-22 20:07:33,brandyscarney
259493179,2019-02-22 20:06:51,brandyscarney
259492383,2019-02-22 20:04:05,brandyscarney
259491964,2019-02-22 20:02:43,brandyscarney
259491478,2019-02-22 20:01:01,brandyscarney
259465585,2019-02-22 18:44:50,brandyscarney
259465405,2019-02-22 18:44:18,brandyscarney
259465343,2019-02-22 18:44:07,brandyscarney
255547481,2019-02-11 15:10:50,brandyscarney
255352763,2019-02-10 19:57:01,camwiegert
255352677,2019-02-10 19:54:48,camwiegert
252752215,2019-01-31 16:57:06,brandyscarney
252749198,2019-01-31 16:49:48,brandyscarney
252748510,2019-01-31 16:48:10,brandyscarney
251255004,2019-01-27 20:59:03,camwiegert
206271560,2018-07-30 18:15:51,camwiegert
206273110,2018-07-30 18:20:50,camwiegert
